Rk,Player,Nation,Pos,Squad,Age,Born,90s,total_comp,total_att,total_comp_succ,total_dist,prg_dist,short_comp,short_att,short_comp_succ,medium_comp,medium_att,medium_comp_succ,long_balls_comp,long_balls_att,long_balls_succ,assists,xAG,xA,A-xAG,key_passes,into_final_third,passes_into_pen_area,crosses_into_pen_area,progressive_passes
1,Teresa Abelleira,es ESP,MF,Real Madrid,25-127,2000,13.9,890,1081,82.3,17653,6395,328,365,89.9,408,450,90.7,137,226,60.6,2,1.9,2.7,0.1,27,163,20,3,162
2,Aiara Agirrezabala,,"DF,MF",Real Sociedad,16-226,2008,2.2,111,141,78.7,2311,820,32,38,84.2,62,76,81.6,15,23,65.2,0,0.1,0.2,-0.1,1,11,5,2,15
3,Daniela Agote,,"FW,MF",Athletic Club,18-262,2006,4.5,75,121,62,1048,190,49,62,79,21,34,61.8,2,6,33.3,0,0.7,0.3,-0.7,5,5,3,0,8
4,Júlia Aguado,es ESP,"FW,MF",Real Betis,25-014,2000,5.8,72,106,67.9,957,65,44,57,77.2,22,33,66.7,2,6,33.3,0,0.1,0.1,-0.1,1,3,0,0,0
5,Yolanda Aguirre,es ESP,GK,Sevilla,26-205,1998,2.1,46,76,60.5,1202,805,10,10,100,16,17,94.1,16,44,36.4,0,0,0,0,0,1,0,0,0
6,Rasheedat Ajibade,ng NGA,"FW,MF",Atlético Madrid,25-159,1999,16.8,346,516,67.1,5349,1512,191,240,79.6,114,171,66.7,28,53,52.8,3,3.3,3.3,-0.3,29,30,32,8,64
7,Ainhoa Alguacil,es ESP,"MF,FW",Valencia,19-128,2006,20.8,590,687,85.9,9976,2496,280,302,92.7,239,269,88.8,58,82,70.7,0,1.5,1.3,-1.5,30,62,18,3,99
8,María Alharilla Casado,es ESP,DF,Levante,34-184,1990,23.6,792,1079,73.4,13588,6907,390,464,84.1,298,378,78.8,86,176,48.9,0,1.3,1.7,-1.3,10,67,16,7,78
9,Amirah Ali,us USA,"FW,MF",Valencia,26-160,1998,6.1,66,87,75.9,824,235,39,47,83,16,23,69.6,3,5,60,0,0.1,0.1,-0.1,4,6,2,0,8
10,Vitória Almeida,,FW,Valencia,25-263,1999,4.8,61,96,63.5,822,44,36,47,76.6,19,27,70.4,2,6,33.3,0,0,0,0,1,3,0,0,3
11,Eva Alonso,,"DF,MF",Levante,22-297,2002,22.5,963,1136,84.8,18613,8493,295,322,91.6,563,610,92.3,97,185,52.4,0,0,0.2,0,1,46,2,0,58
12,Arene Altonaga,es ESP,MF,Eibar,32-080,1993,20.3,285,437,65.2,4872,1125,122,173,70.5,128,173,74,25,53,47.2,1,0.5,0.5,0.5,7,25,4,1,34
13,Oriana Altuve,ve VEN,"FW,MF",Dep La Coruña,32-225,1992,2.1,28,38,73.7,321,71,19,25,76,5,6,83.3,1,2,50,0,0,0.1,0,1,1,1,0,3
14,Andrea Álvarez,gt GUA,FW,Eibar,22-123,2003,12.7,140,222,63.1,1730,254,95,129,73.6,32,54,59.3,3,12,25,1,0.8,0.6,0.2,15,6,4,1,13
15,Carmen Álvarez,es ESP,FW,Real Betis,22-081,2003,3,39,69,56.5,487,40,20,36,55.6,12,18,66.7,1,3,33.3,1,0.8,0,0.2,2,0,0,0,0
16,Carmen Álvarez,es ESP,FW,Eibar,22-081,2003,7,81,132,61.4,950,110,59,85,69.4,18,29,62.1,1,1,100,1,0.1,0.1,0.9,4,3,1,0,5
17,Isabel Álvarez,es ESP,DF,Granada,25-338,1999,19.8,1094,1497,73.1,25672,11330,249,281,88.6,603,704,85.7,237,473,50.1,2,0.8,1.5,1.2,14,86,8,3,73
18,Bernadette Amani,ci CIV,MF,Eibar,27-253,1997,20.9,324,502,64.5,5464,1772,141,208,67.8,150,202,74.3,24,55,43.6,1,0.7,0.8,0.3,7,33,4,0,48
19,Jone Amezaga,es ESP,"FW,MF",Athletic Club,20-134,2005,15.4,146,209,69.9,1975,216,94,113,83.2,42,61,68.9,4,8,50,0,0.2,0.3,-0.2,5,3,4,0,6
20,Nataša Andonova,mk MKD,"MF,FW",Madrid CFF,31-163,1993,9.5,248,348,71.3,4341,1487,123,142,86.6,83,116,71.6,33,61,54.1,2,1.3,1.2,0.7,12,29,9,4,35
21,Carla Andrés,es ESP,DF,Eibar,22-155,2002,21.5,316,537,58.8,7166,3452,76,120,63.3,179,240,74.6,59,151,39.1,1,0.4,0.2,0.6,2,39,2,0,38
22,Filippa Angeldahl,se SWE,MF,Real Madrid,27-306,1997,19.4,917,1108,82.8,16399,5533,414,464,89.2,398,451,88.2,89,134,66.4,5,3.3,3.5,1.7,35,173,38,6,202
23,Antônia,br BRA,DF,Real Madrid,31-020,1994,13.8,822,996,82.5,15280,5175,309,350,88.3,437,500,87.4,68,112,60.7,0,0.4,1,-0.4,11,114,17,3,111
24,Hildur Antonsdóttir,is ISL,MF,Madrid CFF,29-240,1995,14.5,390,530,73.6,6708,2085,174,216,80.6,166,216,76.9,35,69,50.7,1,1.4,1.2,-0.4,14,44,8,2,56
25,Arola Aparicio,es ESP,"FW,MF",Espanyol,27-234,1997,18.8,167,288,58,2958,782,72,112,64.3,64,90,71.1,21,36,58.3,1,1.2,1.8,-0.2,14,18,9,4,21
26,Nahia Aparicio,es ESP,DF,Real Sociedad,21-129,2004,24.8,1417,1573,90.1,25957,11267,524,558,93.9,785,836,93.9,103,147,70.1,1,0.4,0.7,0.6,5,94,0,0,104
27,Floriangel Apóstol,,FW,Dep La Coruña,19-251,2005,0.5,8,13,61.5,128,44,4,6,66.7,2,5,40,1,1,100,0,0.1,0,-0.1,1,0,1,1,1
28,Eider Arana,es ESP,"DF,MF",Eibar,23-035,2002,27,451,781,57.7,9387,5207,141,201,70.1,233,331,70.4,72,224,32.1,0,0.3,0.3,-0.3,5,46,7,2,60
29,Paula Arana,es ESP,"FW,MF",Granada,23-189,2001,4.4,107,190,56.3,2017,532,45,69,65.2,40,57,70.2,19,41,46.3,1,0.4,0.6,0.6,9,6,7,4,12
30,Karen Araya,cl CHI,MF,Madrid CFF,34-212,1990,7.7,303,436,69.5,5827,2533,128,159,80.5,117,150,78,51,103,49.5,2,2,1.3,0,20,46,12,1,68
31,Carla Armengol,es ESP,"FW,MF",Real Betis,27-044,1998,18.6,273,381,71.7,4111,923,145,181,80.1,103,132,78,13,23,56.5,0,1.1,1.6,-1.1,12,13,14,4,33
32,Iris Arnaiz Gil,es ESP,MF,Sevilla,30-363,1994,19.9,425,611,69.6,7503,2830,180,243,74.1,213,283,75.3,29,62,46.8,2,0.7,0.4,1.3,10,53,5,1,58
33,Daniela Arques,es ESP,"MF,FW",Levante,19-056,2006,16,517,704,73.4,9698,2795,219,267,82,208,255,81.6,76,143,53.1,2,2,1.4,0,14,57,12,0,75
34,Julia Arrula,es ESP,GK,Real Sociedad,19-107,2006,3,70,83,84.3,1493,1114,16,16,100,44,45,97.8,10,22,45.5,0,0,0,0,0,0,0,0,0
35,Marina Artero,,"DF,MF",Dep La Coruña,19-214,2005,11.6,327,406,80.5,6284,1958,117,135,86.7,162,184,88,41,66,62.1,1,0.3,0.2,0.7,3,15,2,0,24
36,Eunate Astralaga,es ESP,GK,Eibar,19-167,2005,14.7,200,532,37.6,9048,8159,11,11,100,33,36,91.7,156,483,32.3,0,0,0.1,0,1,22,1,0,0
37,Ane Azkona,es ESP,"FW,MF",Athletic Club,26-305,1998,17.6,172,249,69.1,2445,457,97,129,75.2,60,82,73.2,6,9,66.7,1,0.9,0.6,0.1,8,10,3,0,17
38,Rinsola Babajide,ng NGA,FW,UDG Tenerife,26-333,1998,21,232,490,47.3,4418,1780,96,153,62.7,95,168,56.5,36,115,31.3,4,3.4,2.6,0.6,25,33,22,10,50
39,Laia Ballesté,ch SUI,DF,Espanyol,25-236,1999,19.5,328,520,63.1,7443,4094,96,126,76.2,168,216,77.8,63,164,38.4,0,0,0.2,0,2,21,0,0,18
40,Estefanía Banini,ar ARG,"MF,FW",Levante Planas,34-329,1990,16.9,527,710,74.2,8121,2339,294,342,86,182,239,76.2,31,62,50,1,1.3,1.4,-0.3,13,62,18,3,99
41,Leire Baños,es ESP,"DF,MF",Athletic Club,28-168,1996,27.4,1467,1688,86.9,27091,9757,487,552,88.2,884,947,93.3,80,149,53.7,0,0.6,0.4,-0.6,9,87,5,0,84
42,Xenia Barrios,,FW,Sevilla,16-222,2008,0.1,0,0,,0,0,0,0,,0,0,,0,0,,0,0,0,0,0,0,0,0,0
43,Merle Barth,de GER,"DF,MF",Atlético Madrid,31-025,1994,4.5,216,257,84,3564,1209,97,104,93.3,109,130,83.8,9,20,45,0,0.1,0.1,-0.1,1,38,2,0,28
44,Ona Batlle,es ESP,DF,Barcelona,25-340,1999,14.2,1065,1188,89.6,14884,5191,688,732,94,323,357,90.5,35,51,68.6,8,3.1,4.2,4.9,31,116,36,4,151
45,Cristina Baudet,es ESP,"FW,MF",Levante Planas,33-312,1991,1,16,30,53.3,281,90,8,10,80,3,7,42.9,4,6,66.7,0,0,0.1,0,1,4,1,1,3
46,Cristina Baudet,es ESP,"MF,FW",Espanyol,33-312,1991,8.3,134,202,66.3,2287,1038,59,74,79.7,55,82,67.1,13,28,46.4,0,0.6,0.4,-0.6,8,22,7,1,33
47,Beatriz Beltrán,,"DF,FW",UDG Tenerife,27-157,1997,2.7,123,177,69.5,2069,1010,63,78,80.8,51,66,77.3,9,29,31,0,0.1,0.5,-0.1,1,12,1,0,18
48,Elyse Bennett,us USA,"FW,MF",Dep La Coruña,25-279,1999,2.3,27,48,56.3,458,107,11,23,47.8,12,18,66.7,3,3,100,0,0,0,0,1,1,0,0,4
49,Claudia Blanco,es ESP,"MF,FW",UDG Tenerife,28-066,1997,15.1,273,404,67.6,4500,1938,140,188,74.5,106,153,69.3,21,39,53.8,1,1,1.2,0,11,35,5,3,37
50,Jassina Blom,be BEL,"FW,MF",UDG Tenerife,30-255,1994,9.8,146,223,65.5,2299,448,78,108,72.2,53,80,66.3,10,21,47.6,1,1,0.7,0,8,15,5,0,23
51,Aitana Bonmatí,es ESP,MF,Barcelona,27-118,1998,20.4,1284,1521,84.4,17737,4360,775,849,91.3,418,486,86,41,83,49.4,5,6,8.3,-1,63,129,65,11,227
52,Florencia Bonsegundo,ar ARG,"MF,FW",Madrid CFF,31-306,1993,18.8,390,636,61.3,6738,2399,198,283,70,130,189,68.8,50,112,44.6,1,1,1.4,0,18,38,16,6,54
53,Biljana Bradić,rs SRB,"FW,MF",Granada,34-022,1991,0.1,3,5,60,42,0,2,2,100,1,2,50,0,1,0,0,0,0,0,0,0,0,0,0
54,Phornetia Browne,kn SKN,"FW,MF",Valencia,31-024,1994,20.6,132,240,55,2022,536,64,102,62.7,40,68,58.8,13,27,48.1,2,2.4,1.6,-0.4,21,9,8,5,15
55,Esmee Brugts,nl NED,"DF,FW",Barcelona,21-292,2003,15.5,812,998,81.4,11223,3717,546,619,88.2,206,265,77.7,35,65,53.8,4,3.9,3.3,0.1,25,69,48,13,104
56,Signe Bruun,dk DEN,"FW,MF",Real Madrid,27-040,1998,13.2,193,283,68.2,2706,539,116,153,75.8,49,76,64.5,12,20,60,7,4.6,2.9,2.4,21,13,12,0,33
57,Vilde Bøe Risa,no NOR,MF,Atlético Madrid,29-307,1995,19.8,1062,1338,79.4,18368,6074,500,570,87.7,428,505,84.8,113,216,52.3,3,4.3,4.7,-1.3,49,118,36,8,146
58,Angela Cabezas,,DF,Real Betis,,0,0.1,7,9,77.8,141,94,3,3,100,3,5,60,1,1,100,0,0,0,0,0,0,0,0,0
59,Millene Cabral,,FW,Dep La Coruña,27-168,1997,24.4,368,509,72.3,5903,1309,174,227,76.7,141,180,78.3,31,43,72.1,3,2.5,1.9,0.5,18,30,17,2,59
60,Klára Cahynová,cz CZE,"MF,DF",Real Sociedad,31-147,1993,23.1,1090,1271,85.8,18326,5948,518,574,90.2,488,542,90,67,104,64.4,2,2.8,1.1,-0.8,24,123,16,3,144
61,Linda Caicedo,co COL,"FW,MF",Real Madrid,20-083,2005,17.1,631,759,83.1,9172,2014,375,423,88.7,211,246,85.8,29,37,78.4,4,4.5,3.4,-0.5,39,38,35,4,77
62,Tiffany Cameron,jm JAM,"FW,DF",Real Betis,33-212,1991,8,81,129,62.8,1108,87,43,56,76.8,24,42,57.1,4,9,44.4,1,0.6,0.3,0.4,6,0,0,0,2
63,Laura Camino,es ESP,"FW,DF",Eibar,23-045,2002,20.2,356,739,48.2,7075,4454,129,207,62.3,160,301,53.2,60,186,32.3,1,1.3,1.8,-0.3,18,47,10,6,62
64,Ainoa Campo,es ESP,MF,Espanyol,28-333,1996,23.3,389,652,59.7,7446,2879,148,223,66.4,179,261,68.6,56,122,45.9,3,1.5,1,1.5,26,81,17,3,108
65,Ane Campos,es ESP,FW,Eibar,25-360,1999,8.4,82,130,63.1,1033,194,44,64,68.8,25,37,67.6,2,4,50,1,0.3,0.2,0.7,5,8,4,0,11
66,Antonia Canales,cl CHI,GK,Valencia,22-212,2002,24,426,625,68.2,11449,9128,113,116,97.4,141,145,97.2,157,349,45,0,0,0.1,0,0,6,0,0,1
67,Alba Caño,es ESP,"MF,FW",Barcelona,21-228,2003,3.9,185,208,88.9,2381,368,119,124,96,59,68,86.8,1,4,25,1,0.3,0.3,0.7,5,21,4,1,15
68,Nati Cano,es ESP,"FW,MF",Eibar,21-202,2003,0.5,5,12,41.7,105,60,1,3,33.3,3,7,42.9,1,2,50,0,0,0.1,0,1,1,1,0,2
69,Daniela Caracas,co COL,DF,Espanyol,28-021,1997,24.9,467,756,61.8,8798,5271,186,237,78.5,218,350,62.3,54,126,42.9,1,2.1,2.7,-1.1,15,25,25,17,39
70,Carmen Carballada,,DF,Dep La Coruña,19-299,2005,0,0,0,,0,0,0,0,,0,0,,0,0,,0,0,0,0,0,0,0,0,0
71,Estela Carbonell,es ESP,DF,Levante,20-210,2004,23.8,754,1119,67.4,12584,6133,366,464,78.9,318,462,68.8,57,125,45.6,3,2.4,2.2,0.6,18,44,18,10,73
72,Marta Cardona,es ESP,"FW,DF",Atlético Madrid,29-355,1995,1.4,27,38,71.1,436,90,12,14,85.7,12,14,85.7,2,4,50,0,0.5,0.4,-0.5,1,2,2,1,3
73,Nerea Carmona,es ESP,DF,Levante Planas,,0,0.4,11,15,73.3,208,93,4,6,66.7,6,6,100,1,1,100,0,0,0,0,0,2,0,0,1
74,Olga Carmona,es ESP,DF,Real Madrid,24-338,2000,18.1,967,1224,79,16090,5837,486,549,88.5,383,466,82.2,76,144,52.8,4,3.1,4,0.9,26,73,40,19,103
75,Marta Carrasco,es ESP,DF,Granada,30-242,1994,8.8,409,492,83.1,8571,3124,81,99,81.8,281,315,89.2,45,66,68.2,0,0,0.1,0,1,13,0,0,19
76,Raiderlin Carrasco,ve VEN,"DF,MF",Levante,22-309,2002,7.4,181,287,63.1,2933,1535,99,124,79.8,66,102,64.7,12,43,27.9,0,0.3,0.3,-0.3,4,24,8,2,27
77,Carla Carrillo,es ESP,FW,Real Madrid,20-014,2005,2.7,49,66,74.2,642,110,28,34,82.4,13,19,68.4,2,2,100,1,0.4,1,0.6,5,3,2,0,5
78,Marta Carro,es ESP,"DF,MF",Valencia,34-130,1991,25.7,554,739,75,11327,4768,169,211,80.1,300,360,83.3,77,142,54.2,1,0.4,1.4,0.6,7,39,4,0,45
79,Trudi Carter,jm JAM,"FW,MF",Espanyol,30-179,1994,2.8,43,60,71.7,658,151,23,32,71.9,16,21,76.2,2,3,66.7,0,0,0.1,0,0,3,2,0,5
80,Sandra Castelló,es ESP,MF,UDG Tenerife,31-282,1993,24.6,694,953,72.8,12569,3964,282,373,75.6,323,399,81,76,140,54.3,1,1.1,0.9,-0.1,11,73,8,2,97
81,Alba Cerrato,es ESP,"FW,MF",Sevilla,,0,4.5,47,75,62.7,674,169,31,43,72.1,12,18,66.7,3,8,37.5,2,1.2,0.2,0.8,7,4,2,2,4
82,Mariana Cerro,es ESP,"MF,DF",Athletic Club,24-359,2000,1.5,26,40,65,422,134,12,15,80,10,14,71.4,2,4,50,0,0,0.1,0,0,5,1,0,4
83,Mariana Cerro,es ESP,MF,Eibar,24-359,2000,12.4,150,281,53.4,2550,928,69,108,63.9,59,103,57.3,17,49,34.7,1,0.8,0.5,0.2,6,18,4,1,20
84,Ivonne Chacón,co COL,FW,Levante,27-216,1997,27.9,352,455,77.4,4889,573,220,262,84,108,131,82.4,13,19,68.4,0,1.7,2.4,-1.7,18,11,9,0,24
85,Lice Chamorro,py PAR,FW,Espanyol,26-145,1998,24.4,239,500,47.8,3808,1032,111,205,54.1,95,162,58.6,17,41,41.5,2,2.4,1.7,-0.4,22,24,13,8,48
86,Mylène Chavas,fr FRA,GK,Real Madrid,27-129,1998,4,102,112,91.1,2225,1553,32,33,97,47,48,97.9,23,29,79.3,0,0,0,0,0,1,0,0,0
87,Ghizlane Chebbak,ma MAR,"MF,FW",Levante Planas,34-267,1990,21.1,733,966,75.9,12507,3341,360,422,85.3,278,357,77.9,74,130,56.9,2,1.9,2.1,0.1,29,88,22,2,115
88,Dorine Chuigoué,gq EQG,DF,Real Betis,36-169,1988,17.6,442,575,76.9,8600,3979,141,174,81,260,300,86.7,37,89,41.6,0,0,0.4,0,0,35,0,0,33
89,Claudia,es ESP,"DF,MF",Valencia,27-067,1998,27.5,851,1115,76.3,18129,8580,225,286,78.7,488,541,90.2,132,255,51.8,1,0.7,0.7,0.3,14,74,7,0,85
90,Cata Coll,es ESP,GK,Barcelona,24-023,2001,20.5,483,511,94.5,9988,7071,146,150,97.3,270,274,98.5,66,86,76.7,0,0,0,0,0,5,0,0,7
91,Aldana Cometti,ar ARG,DF,Madrid CFF,29-074,1996,19.9,848,1130,75,16423,8612,352,420,83.8,385,470,81.9,104,199,52.3,1,0.6,1.1,0.4,10,64,9,3,63
92,Marta Constantino,,"FW,MF",Valencia,19-186,2005,1.4,13,27,48.1,157,38,9,13,69.2,3,10,30,0,0,,0,0,0,0,0,1,1,0,3
93,Laura Coronado,es ESP,GK,Levante Planas,22-040,2003,9.7,191,242,78.9,3918,2573,64,64,100,91,96,94.8,33,78,42.3,0,0,0,0,1,0,0,0,0
94,Lucía Corrales,es ESP,"DF,FW",Sevilla,19-173,2005,24.9,705,1101,64,12975,6248,335,397,84.4,269,392,68.6,96,261,36.8,3,3.1,3.1,-0.1,16,46,10,6,44
95,Millaray Cortés,,"MF,FW",Sevilla,20-320,2004,6.5,160,208,76.9,2935,695,67,80,83.8,61,78,78.2,25,39,64.1,0,0.8,0.6,-0.8,5,21,4,1,24
96,Cristina Cubedo,es ESP,DF,Levante Planas,25-207,1999,5.3,182,230,79.1,3571,1445,53,64,82.8,113,128,88.3,15,35,42.9,0,0.1,0.4,-0.1,1,7,0,0,5
97,Iglesias De La Cruz,es ESP,MF,UDG Tenerife,21-259,2003,17.4,344,486,70.8,5838,1729,169,210,80.5,143,180,79.4,28,64,43.8,1,0.6,1,0.4,8,44,6,0,53
98,Alba De La Fuente,es ESP,"MF,FW",Levante,21-242,2003,0.1,3,5,60,17,0,2,3,66.7,0,0,,0,1,0,0,0,0,0,0,0,0,0,0
99,Ángeles Del Álamo,,FW,Espanyol,26-327,1998,6.8,65,112,58,949,81,30,45,66.7,21,38,55.3,6,16,37.5,0,0.1,0.4,-0.1,3,1,2,2,2
100,Athenea del Castillo,es ESP,FW,Real Madrid,24-204,2000,15.2,356,518,68.7,5715,1389,201,256,78.5,115,167,68.9,29,46,63,4,6.4,5.4,-2.4,27,12,39,8,59
101,Fatou Dembele,,DF,UDG Tenerife,24-167,2000,10,266,366,72.7,5839,2671,62,78,79.5,164,188,87.2,39,87,44.8,1,0.1,0,0.9,1,19,0,0,21
102,Eva Dios,,"MF,FW",Dep La Coruña,23-073,2002,11.5,324,404,80.2,5648,1672,147,171,86,138,169,81.7,34,53,64.2,0,0.2,0.3,-0.2,5,32,4,2,36
103,Laura Domínguez,es ESP,"DF,MF",Madrid CFF,27-277,1997,5.9,145,202,71.8,2342,1093,78,89,87.6,53,74,71.6,11,22,50,0,0.1,0.2,-0.1,2,20,5,0,24
104,Irune Dorado,es ESP,"MF,FW",Real Madrid,17-055,2008,1.8,88,107,82.2,1654,362,31,38,81.6,45,48,93.8,9,10,90,1,0.5,0.1,0.5,2,9,2,0,8
105,Aina Durán,,MF,Espanyol,,0,0.4,1,3,33.3,11,0,1,1,100,0,2,0,0,0,,0,0,0,0,0,0,0,0,0
106,María Echezarreta,,GK,UDG Tenerife,23-178,2001,1,21,38,55.3,481,339,10,10,100,6,6,100,5,21,23.8,0,0,0,0,0,0,0,0,0
107,Intza Eguiguren,es ESP,"MF,FW",Real Sociedad,19-138,2005,5.2,100,143,69.9,1535,384,57,66,86.4,33,45,73.3,6,19,31.6,0,0,0.2,0,1,15,5,0,21
108,Nerea Eizaguirre,es ESP,"FW,MF",Real Sociedad,25-132,2000,21.7,624,893,69.9,10619,3182,286,361,79.2,265,327,81,54,129,41.9,3,4.2,3.8,-1.2,38,79,26,2,114
109,Ane Elexpuru,es ESP,"DF,MF",Athletic Club,22-014,2003,25.5,1127,1463,77,20222,7354,491,566,86.7,531,653,81.3,99,188,52.7,3,2.8,3.5,0.2,20,107,25,14,130
110,Rebecca Elloh,ci CIV,"FW,MF",Levante Planas,30-142,1994,5.4,76,122,62.3,1243,201,41,58,70.7,31,46,67.4,4,9,44.4,1,0.7,0.7,0.3,11,6,2,2,11
111,Emily,br BRA,"DF,FW",Madrid CFF,23-083,2002,4.8,123,167,73.7,2259,885,48,59,81.4,59,77,76.6,16,24,66.7,1,0.7,0.1,0.3,3,14,4,1,17
112,Núria Escoms,es ESP,MF,Levante,18-274,2006,0.1,3,7,42.9,88,80,0,1,0,1,2,50,2,4,50,1,0.2,0.1,0.8,1,0,0,0,0
113,María Estella,es ESP,DF,UDG Tenerife,30-340,1994,11.7,321,489,65.6,6657,3501,100,139,71.9,165,228,72.4,53,113,46.9,0,0.5,0.5,-0.5,8,22,10,3,22
114,Aída Esteve,es ESP,"MF,FW",Valencia,24-065,2001,22,433,718,60.3,7851,3229,200,269,74.3,145,218,66.5,64,153,41.8,4,2.6,2,1.4,27,74,11,4,79
115,Ainhoa Estevez,es ESP,MF,Levante,21-082,2004,5.7,112,153,73.2,1767,457,54,68,79.4,50,62,80.6,3,16,18.8,2,0.2,0.1,1.8,4,10,2,0,15
116,Sandra Estévez,es ESP,GK,Granada,22-315,2002,19.8,500,689,72.6,14952,11252,60,60,100,221,232,95.3,219,395,55.4,0,0.1,0,-0.1,1,11,0,0,0
117,Ylenia Estrella,,"MF,FW",Espanyol,,0,0.2,4,4,100,70,48,2,2,100,2,2,100,0,0,,0,0,0,0,0,1,0,0,1
118,Ane Etxezarreta,es ESP,DF,Real Sociedad,29-265,1995,5.2,292,341,85.6,6008,2848,94,106,88.7,156,167,93.4,41,63,65.1,0,0.3,0.1,-0.3,2,24,2,0,27
119,Motunrayo Ezekiel,,"FW,MF",Valencia,21-351,2003,0.8,11,20,55,172,0,4,8,50,6,10,60,1,2,50,1,0,0,1,2,0,0,0,0
120,Garazi Fácila,es ESP,"MF,DF",Athletic Club,25-203,1999,2.4,100,140,71.4,1871,904,43,49,87.8,47,70,67.1,10,18,55.6,0,0.5,0.3,-0.5,1,13,2,1,13
121,Naomie Feller,fr FRA,FW,Real Madrid,23-191,2001,9.8,179,260,68.8,2424,768,110,140,78.6,55,75,73.3,4,14,28.6,3,3.6,3.2,-0.6,17,9,19,7,22
122,Carolina Férez,es ESP,"MF,FW",Real Betis,33-324,1991,19.7,409,584,70,6404,2217,197,260,75.8,156,196,79.6,32,62,51.6,1,1.2,1.3,-0.2,21,47,24,5,88
123,Alexia Fernández,es ESP,DF,Granada,22-353,2002,25,729,1017,71.7,12801,4380,318,396,80.3,332,433,76.7,66,130,50.8,2,1.8,2.1,0.2,22,58,22,8,82
124,Claudia Fernández,,"MF,DF",Athletic Club,21-309,2003,0.4,13,26,50,214,118,7,9,77.8,3,6,50,2,7,28.6,0,0.2,0.1,-0.2,1,4,0,0,4
125,Daniela Fernandez,,FW,Levante,18-195,2006,0,0,0,,0,0,0,0,,0,0,,0,0,,0,0,0,0,0,0,0,0,0
126,Estela Fernández,es ESP,"MF,FW",Real Betis,34-007,1991,4.7,103,147,70.1,1554,492,54,75,72,31,39,79.5,9,20,45,0,0.1,0.1,-0.1,1,11,2,0,20
127,Jana Fernández,es ESP,DF,Barcelona,23-087,2002,16.5,1399,1551,90.2,20393,6919,833,886,94,491,532,92.3,55,87,63.2,1,3.1,3.2,-2.1,29,202,33,9,192
128,Martina Fernández,es ESP,"DF,FW",Barcelona,20-227,2004,0.2,18,18,100,274,80,8,8,100,10,10,100,0,0,,0,0,0,0,0,2,0,0,1
129,Paula Fernandez,es ESP,MF,Levante,25-319,1999,27.2,1070,1347,79.4,18968,5519,490,568,86.3,439,518,84.7,116,194,59.8,3,1.6,1.5,1.4,24,136,25,4,164
130,Fiamma,es ESP,"MF,FW",Atlético Madrid,20-331,2004,20.7,869,1079,80.5,14087,3941,457,523,87.4,313,364,86,74,117,63.2,6,3.1,3.1,2.9,34,93,25,1,119
131,Gemma Font,es ESP,GK,Barcelona,25-190,1999,6.5,128,133,96.2,2430,1815,44,44,100,73,74,98.6,11,15,73.3,0,0,0,0,0,0,0,0,1
132,Ana Franco,es ESP,"FW,MF",Levante,25-344,1999,10.2,141,203,69.5,2064,509,86,106,81.1,36,52,69.2,12,18,66.7,0,0.3,0.8,-0.3,5,11,4,2,14
133,Sanni Franssi,fi FIN,FW,Real Sociedad,30-058,1995,20.2,313,444,70.5,4742,683,176,211,83.4,114,162,70.4,15,34,44.1,1,2.4,2.8,-1.4,23,7,16,5,25
134,María Gabaldón,es ESP,DF,Levante,21-186,2003,10.2,357,517,69.1,6179,2887,154,203,75.9,166,218,76.1,27,66,40.9,1,0.7,0.6,0.3,5,28,5,3,36
135,Dolores Gallardo,es ESP,GK,Atlético Madrid,31-340,1993,27,781,904,86.4,18289,14211,193,196,98.5,394,405,97.3,188,296,63.5,0,0,0,0,0,7,1,0,0
136,Andrea Gálvez,,FW,Sevilla,16-256,2008,0.1,3,11,27.3,32,13,3,5,60,0,2,0,0,2,0,0,0,0,0,0,1,0,0,1
137,Rocío Gálvez,es ESP,DF,Real Madrid,28-031,1997,11.7,750,823,91.1,16949,7168,170,184,92.4,432,448,96.4,146,182,80.2,0,0,0.2,0,0,74,1,0,81
138,Gio Garbelini,br BRA,FW,Atlético Madrid,21-329,2003,20.8,327,469,69.7,4889,883,187,235,79.6,102,147,69.4,23,39,59,6,3.7,2.9,2.3,25,12,22,8,28
139,Débora García,es ESP,DF,Sevilla,35-211,1989,20.5,535,799,67,9238,4877,264,323,81.7,217,316,68.7,48,130,36.9,0,0.7,0.9,-0.7,7,55,8,7,47
140,Gabriela García,ve VEN,MF,Atlético Madrid,28-044,1997,25.1,1124,1378,81.6,18098,5421,572,684,83.6,457,525,87,66,97,68,3,3.6,2.3,-0.6,27,121,20,0,148
141,Sonia García Majarín,es ESP,DF,Levante Planas,22-161,2002,26,1144,1484,77.1,24182,10534,301,346,87,670,765,87.6,164,350,46.9,0,0.6,0.6,-0.6,7,116,4,1,122
142,Nahikari García,es ESP,"FW,MF",Athletic Club,28-067,1997,20.2,280,423,66.2,4244,799,150,202,74.3,99,139,71.2,18,37,48.6,1,0.8,0.6,0.2,5,21,7,1,41
143,Naima García,es ESP,"MF,FW",Real Betis,26-326,1998,24.1,495,805,61.5,8818,2826,223,316,70.6,191,266,71.8,63,148,42.6,2,2.8,2.5,-0.8,25,63,24,3,91
144,Noelia García,es ESP,GK,Eibar,32-233,1992,1,23,32,71.9,552,309,7,7,100,8,8,100,6,15,40,0,0,0,0,0,0,0,0,0
145,Raquel García,,DF,Dep La Coruña,28-024,1997,29,954,1179,80.9,18554,7211,295,338,87.3,548,616,89,102,195,52.3,0,0.2,0.2,-0.2,4,27,1,0,44
146,Sheila García,es ESP,DF,Real Madrid,28-062,1997,15.5,844,963,87.6,13735,4039,410,444,92.3,376,421,89.3,42,63,66.7,0,1.6,2,-1.6,13,84,8,3,98
147,Nuria Garrote,es ESP,DF,Levante Planas,27-340,1997,8.5,330,429,76.9,5843,2679,137,161,85.1,160,203,78.8,29,51,56.9,0,0.1,0.4,-0.1,3,44,5,1,48
148,Pilar Garrote,es ESP,MF,Levante Planas,27-340,1997,0.1,4,6,66.7,71,4,3,4,75,1,2,50,0,0,,0,0,0,0,0,0,0,0,0
149,Patricia Gavira,es ESP,DF,UDG Tenerife,36-020,1989,26,891,1187,75.1,18808,8456,219,265,82.6,544,625,87,123,274,44.9,1,0.7,0.6,0.3,8,74,11,2,75
150,Noelia Gil,es ESP,GK,Real Betis,30-358,1994,8.7,247,383,64.5,6598,4635,43,45,95.6,121,127,95.3,80,208,38.5,0,0,0,0,0,4,0,0,0
151,Gemma Gili,es ESP,"MF,FW",Sevilla,30-360,1994,26.4,490,777,63.1,8121,3062,248,335,74,188,264,71.2,39,117,33.3,4,3.9,3,0.1,32,61,23,2,106
152,Diana Gomes,pt POR,DF,Sevilla,26-294,1998,26.7,827,1096,75.5,17654,8266,205,247,83,495,556,89,123,267,46.1,0,0.2,0.3,-0.2,5,63,1,0,54
153,Andrea Gómez,es ESP,"MF,FW",Granada,22-002,2003,10,248,357,69.5,4424,1227,104,134,77.6,101,138,73.2,36,64,56.3,0,0.5,1.4,-0.5,7,47,7,1,61
154,Esther Gómez,,"DF,FW",Valencia,,0,0.8,8,23,34.8,104,19,5,10,50,3,7,42.9,0,6,0,0,0,0,0,0,2,0,0,2
155,Yohana Gómez,,GK,Dep La Coruña,31-116,1994,2,39,49,79.6,1047,779,8,8,100,16,17,94.1,14,23,60.9,0,0,0,0,0,2,0,0,0
156,Ana González,es ESP,MF,Levante Planas,30-051,1995,9.6,288,378,76.2,5135,1549,123,155,79.4,134,157,85.4,27,51,52.9,0,0.3,0.1,-0.3,5,38,2,0,34
157,Érika González,es ESP,"FW,MF",Levante,20-258,2004,16.6,492,697,70.6,7410,1862,278,346,80.3,166,222,74.8,30,75,40,1,3.2,3.6,-2.2,28,51,19,2,67
158,Pamela González,uy URU,MF,Sevilla,29-230,1995,20.9,540,735,73.5,9968,2549,216,289,74.7,257,317,81.1,64,105,61,0,0.4,0.5,-0.4,8,40,4,1,58
159,Caroline Graham Hansen,no NOR,FW,Barcelona,30-087,1995,15.1,726,947,76.7,10700,3044,462,528,87.5,185,245,75.5,54,104,51.9,9,10.2,11.7,-1.2,63,33,41,16,67
160,Madeline Gravante,,DF,Levante,25-245,1999,0.3,8,11,72.7,173,104,2,2,100,4,5,80,1,3,33.3,0,0,0,0,0,1,0,0,1
161,Guereñu,,"DF,MF",Eibar,22-108,2003,0.9,8,14,57.1,192,118,3,5,60,2,5,40,3,3,100,0,0,0,0,0,2,0,0,1
162,Júlia Guerra,,DF,Espanyol,23-113,2002,28,546,776,70.4,11365,5390,154,188,81.9,314,372,84.4,72,193,37.3,0,0.1,0.2,-0.1,3,36,3,0,36
163,Patricia Guijarro,es ESP,MF,Barcelona,26-364,1998,15.5,1337,1560,85.7,20746,6407,737,814,90.5,480,550,87.3,84,130,64.6,8,4.2,5.2,3.8,41,198,34,2,174
164,Sheila Guijarro,es ESP,FW,Atlético Madrid,28-232,1996,14.5,204,288,70.8,2726,421,124,157,79,66,83,79.5,4,8,50,0,1.1,1,-1.1,12,7,6,0,23
165,Elene Guridi,es ESP,"MF,DF",Real Sociedad,22-294,2002,5.8,194,238,81.5,3276,721,90,100,90,87,102,85.3,13,23,56.5,0,0.6,0.4,-0.6,5,19,4,0,18
166,Paula Gutiérrez,,MF,Dep La Coruña,24-075,2001,23.5,637,847,75.2,12594,3066,199,255,78,348,414,84.1,77,125,61.6,1,0.7,0.5,0.3,13,67,10,2,73
167,Sarah Hagg,,DF,Valencia,23-112,2002,0.1,3,9,33.3,38,37,1,2,50,1,2,50,0,3,0,0,0,0,0,0,0,0,0,0
168,Hanane Aït El Haj,ma MAR,"DF,FW",Valencia,30-195,1994,10.8,204,370,55.1,3710,2040,104,148,70.3,73,122,59.8,24,66,36.4,1,1.2,1.4,-0.2,9,24,9,5,24
169,Ásdís Halldórsdóttir,,"FW,MF",Madrid CFF,25-147,1999,3.7,44,76,57.9,554,64,28,36,77.8,13,23,56.5,0,5,0,0,0.3,0.3,-0.3,4,0,0,0,3
170,Ana Hernández,,"FW,MF",Espanyol,34-235,1990,0.4,7,14,50,96,23,5,7,71.4,1,5,20,1,1,100,0,0,0,0,0,1,0,0,2
171,Oihane Hernández,es ESP,DF,Real Madrid,25-012,2000,5.7,266,331,80.4,4530,1724,129,141,91.5,113,139,81.3,22,38,57.9,0,0.5,0.7,-0.5,4,26,2,2,27
172,Paola Hernández,es ESP,MF,UDG Tenerife,22-295,2002,0.4,7,12,58.3,124,21,3,6,50,4,4,100,0,1,0,0,0,0,0,0,0,0,0,0
173,Patrícia Hmírová,sk SVK,"FW,MF",Dep La Coruña,31-167,1993,5.9,85,132,64.4,1292,349,44,58,75.9,32,49,65.3,5,15,33.3,0,0.1,0.2,-0.1,3,2,2,0,8
174,Isabelle Hoekstra,nl NED,"FW,MF",Espanyol,21-289,2003,0.5,6,9,66.7,119,58,2,2,100,3,5,60,1,1,100,0,0,0,0,0,1,0,0,0
175,Emma Holmgren,se SWE,GK,Levante,28-003,1997,12.6,322,394,81.7,7721,5577,84,84,100,159,162,98.1,78,147,53.1,0,0,0.1,0,1,3,2,0,2
176,Iara,,"FW,MF",Espanyol,23-189,2001,13.6,161,256,62.9,2510,972,86,122,70.5,58,88,65.9,12,23,52.2,4,1.2,1.1,2.8,9,8,7,3,23
177,Edna Imade,ng NGA,FW,Granada,24-223,2000,25.4,289,515,56.1,4619,1037,143,230,62.2,107,173,61.8,24,47,51.1,1,3.2,2.6,-2.2,24,29,7,3,51
178,Claudia Indias,,DF,Madrid CFF,17-050,2008,0.1,7,10,70,110,60,4,7,57.1,3,3,100,0,0,,0,0,0,0,0,0,0,0,2
179,Amaia Iribarren,,MF,Granada,21-344,2003,5.3,106,148,71.6,1960,558,45,62,72.6,45,58,77.6,14,20,70,0,0.1,0.3,-0.1,3,10,2,0,15
180,Miku Ito,jp JPN,MF,Granada,25-191,1999,12.4,464,542,85.6,8415,2388,169,198,85.4,248,265,93.6,36,55,65.5,0,0.5,0.4,-0.5,8,52,4,0,52
181,Andreia Jacinto,pt POR,MF,Real Sociedad,22-342,2002,28.3,1629,1988,81.9,29369,9455,657,742,88.5,750,828,90.6,183,324,56.5,6,3.4,4.1,2.6,49,218,43,3,236
182,Synne Jensen,no NOR,"FW,MF",Atlético Madrid,29-090,1996,12.1,209,290,72.1,3033,652,116,140,82.9,68,100,68,11,22,50,1,0.8,1.1,0.2,9,9,9,1,25
183,María Jiménez,,DF,Real Betis,24-241,2000,19.3,549,735,74.7,11486,5334,177,196,90.3,292,340,85.9,76,179,42.5,0,0.2,0.2,-0.2,5,36,2,0,43
184,María José Pérez,es ESP,"FW,MF",UDG Tenerife,41-058,1984,10,166,261,63.6,2578,728,88,119,73.9,60,75,80,12,39,30.8,3,1.4,1.6,1.6,9,22,11,3,27
185,Carla Julià,es ESP,MF,Levante Planas,,0,0.8,20,28,71.4,381,143,6,7,85.7,11,15,73.3,2,4,50,0,0.2,0.1,-0.2,2,2,2,1,3
186,Juliana,br BRA,DF,Granada,33-252,1991,13.4,477,605,78.8,11013,3874,84,111,75.7,303,337,89.9,88,151,58.3,0,0,0.1,0,1,22,2,0,20
187,Elena Julve,es ESP,"FW,MF",Levante Planas,24-159,2000,25.2,439,656,66.9,6201,1908,255,337,75.7,153,214,71.5,14,27,51.9,3,4.7,3.6,-1.7,41,37,21,0,80
188,Chinyere Kalu,,"MF,FW",Real Betis,19-205,2005,1.7,21,37,56.8,352,62,12,15,80,7,11,63.6,2,9,22.2,0,0,0,0,0,2,0,0,1
189,Fatoumata Kanteh,es ESP,"FW,MF",Sevilla,27-318,1997,19.8,236,425,55.5,3687,932,130,197,66,84,142,59.2,13,40,32.5,0,2.7,2,-2.7,27,12,17,13,17
190,Esther Laborde,es ESP,MF,Madrid CFF,21-026,2004,17.5,409,606,67.5,7738,2411,170,221,76.9,179,257,69.6,55,107,51.4,1,0.9,0.7,0.1,8,42,9,3,42
191,Anissa Lahmari,ma MAR,"MF,FW",Levante,28-088,1997,11.6,299,447,66.9,4640,1811,174,229,76,85,132,64.4,25,48,52.1,2,1.8,2.1,0.2,15,36,16,4,58
192,Maëlle Lakrar,fr FRA,DF,Real Madrid,24-354,2000,22.8,1262,1410,89.5,26385,10834,327,362,90.3,760,814,93.4,167,218,76.6,2,1.6,1.2,0.4,10,131,3,0,103
193,Naia Landaluze,es ESP,DF,Athletic Club,24-233,2000,18.1,997,1142,87.3,19259,7140,288,318,90.6,635,684,92.8,70,124,56.5,2,1,0.4,1,3,62,5,1,75
194,Francisca Lara,cl CHI,"DF,MF",Dep La Coruña,34-291,1990,16.1,511,716,71.4,8582,4020,239,295,81,221,290,76.2,40,94,42.6,1,1.2,1.2,-0.2,18,31,11,7,40
195,Patricia Larqué,es ESP,GK,Atlético Madrid,33-014,1992,2,62,66,93.9,1277,810,19,19,100,31,31,100,12,16,75,0,0,0,0,0,0,0,0,0
196,Bárbara Latorre,es ESP,"FW,MF",Dep La Coruña,32-063,1993,15.4,204,352,58,3129,985,112,157,71.3,67,112,59.8,15,41,36.6,0,1.2,1,-1.2,13,12,10,1,31
197,Linnéa Laupstad,no NOR,"FW,MF",UDG Tenerife,21-310,2003,3.2,43,73,58.9,712,213,20,29,69,20,30,66.7,3,5,60,1,0.2,0.2,0.8,1,3,3,2,8
198,Lauren,br BRA,DF,Atlético Madrid,22-245,2002,26.8,1726,1887,91.5,31966,13479,614,646,95,978,1039,94.1,127,182,69.8,0,0.4,0.8,-0.4,7,145,5,1,154
199,Claire Lavogez,fr FRA,"MF,FW",Real Sociedad,30-332,1994,9.7,260,415,62.7,4087,1131,126,188,67,97,131,74,19,56,33.9,0,1.1,1.2,-1.1,13,30,12,6,39
200,Annelie Leitner,at AUT,"FW,MF",Eibar,28-335,1996,5.9,66,122,54.1,1232,669,21,39,53.8,34,46,73.9,8,32,25,0,0.1,0.2,-0.1,2,3,3,3,4
201,Leles,,"MF,DF",Granada,28-083,1997,16,551,679,81.1,10277,3464,209,243,86,283,332,85.2,49,81,60.5,0,0.2,0.5,-0.2,5,69,4,1,77
202,Mapi León,es ESP,DF,Barcelona,29-337,1995,20.4,2040,2315,88.1,35519,17052,987,1040,94.9,825,899,91.8,194,321,60.4,6,4.9,6,1.1,54,398,28,9,359
203,Paula León,es ESP,"MF,FW",Madrid CFF,24-113,2001,0.1,2,2,100,39,0,1,1,100,0,0,,1,1,100,0,0,0,0,0,0,0,0,0
204,Elene Lete,es ESP,GK,Real Sociedad,23-009,2002,25.5,597,772,77.3,13181,9875,192,196,98,282,303,93.1,118,265,44.5,0,0,0,0,0,7,0,0,0
205,Melanie Leupolz,de GER,MF,Real Madrid,31-032,1994,11.9,498,655,76,8955,3266,206,259,79.5,238,297,80.1,46,77,59.7,0,1.3,1.2,-1.3,17,85,8,4,107
206,Maren Lezeta,,MF,Real Sociedad,19-322,2005,7.6,300,353,85,4893,1030,147,164,89.6,128,140,91.4,21,34,61.8,0,0.4,0.3,-0.4,8,29,2,0,33
207,Cristina Librán,,MF,Madrid CFF,19-125,2006,13.5,393,547,71.8,6174,1728,213,260,81.9,132,172,76.7,31,60,51.7,2,1.3,1,0.7,16,35,13,4,52
208,Nuria Ligero,es ESP,DF,Real Betis,33-254,1991,19.8,674,892,75.6,12726,6295,275,335,82.1,307,385,79.7,84,135,62.2,0,0.5,0.3,-0.5,3,57,5,1,75
209,Eva Llamas,es ESP,DF,Sevilla,32-352,1992,24.4,759,943,80.5,13959,5719,251,283,88.7,452,520,86.9,47,118,39.8,0,0.2,0.4,-0.2,3,43,4,1,49
210,María Llompart,es ESP,"MF,FW",Levante Planas,24-209,2000,27.5,778,1014,76.7,13383,3499,356,428,83.2,304,372,81.7,83,132,62.9,2,2.2,2.3,-0.2,19,79,25,2,122
211,Silvia Lloris,es ESP,DF,Atlético Madrid,21-001,2004,21.6,1245,1442,86.3,22691,9205,483,531,91,646,724,89.2,99,153,64.7,0,0.3,0.6,-0.3,4,170,2,0,162
212,Alba López,es ESP,"DF,MF",Sevilla,20-186,2004,9.7,215,350,61.4,4019,1830,88,114,77.2,94,146,64.4,27,63,42.9,1,0.3,0.2,0.7,2,19,2,1,27
213,Bárbara López,es ESP,FW,Madrid CFF,19-259,2005,8.7,111,182,61,1662,260,51,77,66.2,47,62,75.8,4,8,50,0,0.7,1,-0.7,10,4,5,2,9
214,Laia López,es ESP,GK,Real Madrid,18-107,2007,1,18,21,85.7,349,267,4,4,100,14,14,100,0,3,0,0,0,0,0,0,0,0,0,0
215,María López,es ESP,GK,Levante Planas,22-171,2002,19.3,425,560,75.9,9358,6503,143,145,98.6,186,194,95.9,91,215,42.3,0,0.4,0,-0.4,2,1,0,0,0
216,Victoria López,es ESP,"FW,MF",Barcelona,18-294,2006,15.3,732,892,82.1,9980,2503,484,532,91,188,242,77.7,34,60,56.7,1,3.6,5.2,-2.6,40,65,42,8,110
217,Luany,br BRA,"FW,DF",Atlético Madrid,22-102,2003,11.1,300,407,73.7,4503,1474,173,210,82.4,103,142,72.5,15,25,60,3,2.5,3.5,0.5,18,24,25,2,58
218,Julia Maillo,,DF,Levante Planas,23-098,2002,0.3,6,9,66.7,101,5,3,4,75,3,3,100,0,2,0,0,0,0,0,0,0,0,0,0
219,Ana Marcos,es ESP,FW,Valencia,24-311,2000,4.4,32,54,59.3,492,108,14,19,73.7,16,23,69.6,1,6,16.7,0,0.3,0.1,-0.3,4,4,0,0,3
220,Cecilia Marcos,es ESP,"DF,FW",Real Sociedad,23-194,2001,12.5,439,566,77.6,7657,1991,206,242,85.1,185,223,83,41,83,49.4,3,1.6,1.4,1.4,10,27,12,2,38
221,Ainhoa Marín,,"FW,MF",Dep La Coruña,24-056,2001,24.9,425,667,63.7,7005,2474,209,283,73.9,166,231,71.9,38,84,45.2,6,4.4,2.5,1.6,39,53,23,7,64
222,Carolina Marín,,MF,Espanyol,28-170,1996,26.1,513,816,62.9,9131,4011,227,284,79.9,222,326,68.1,54,165,32.7,3,2.8,2.6,0.2,21,52,13,7,81
223,Alice Marques,fr FRA,DF,Valencia,20-012,2005,23.8,595,825,72.1,12336,6401,184,232,79.3,310,375,82.7,91,183,49.7,0,0.1,0.6,-0.1,1,62,2,0,72
224,Rosa Marquez,es ESP,MF,Real Betis,24-145,2000,27.3,964,1358,71,16780,6251,431,550,78.4,404,508,79.5,105,199,52.8,3,2.5,4.3,0.5,36,104,38,4,159
225,Andrea Marrero,es ESP,DF,UDG Tenerife,28-222,1996,2.3,51,67,76.1,1104,534,7,10,70,36,40,90,6,14,42.9,0,0,0,0,0,4,0,0,5
226,Marina Martí,es ESP,"FW,MF",Valencia,28-265,1996,22,239,462,51.7,3989,1054,118,175,67.4,88,155,56.8,22,72,30.6,1,1.7,1.6,-0.7,21,18,20,13,27
227,Emma Martín,,MF,Valencia,22-276,2002,3.8,91,112,81.3,1588,424,41,52,78.8,39,42,92.9,9,15,60,0,0,0.1,0,1,8,1,0,17
228,Nazareth Martín,es ESP,DF,Sevilla,23-079,2002,8.8,273,349,78.2,5609,2236,64,76,84.2,173,204,84.8,35,65,53.8,0,0,0.1,0,1,9,0,0,8
229,Esther Martín-Pozuelo,es ESP,DF,Real Betis,26-220,1998,23.5,806,1182,68.2,13023,6494,410,492,83.3,318,441,72.1,60,179,33.5,2,2.5,1.9,-0.5,22,49,23,12,74
230,Amaia Martínez,,"DF,MF",Espanyol,20-321,2004,18.9,308,470,65.5,6249,3140,102,133,76.7,154,197,78.2,48,120,40,0,0.1,0.1,-0.1,2,33,2,0,35
231,Asun Martínez,es ESP,"FW,DF",Valencia,23-085,2002,5.5,76,128,59.4,1087,284,35,47,74.5,27,45,60,5,17,29.4,0,0.3,0.5,-0.3,6,6,7,4,6
232,Bárbara Martínez,ve VEN,MF,UDG Tenerife,22-024,2003,0.2,4,8,50,70,12,2,5,40,2,3,66.7,0,0,,0,0,0,0,0,0,0,0,0
233,Cristina Martínez,,"DF,MF",Dep La Coruña,31-324,1993,9.4,273,428,63.8,4367,2448,130,193,67.4,120,165,72.7,16,40,40,0,0.1,0.1,-0.1,4,19,1,0,21
234,Laura Martínez,es ESP,"DF,MF",Levante Planas,26-107,1999,12.3,352,533,66,6207,2718,168,226,74.3,131,185,70.8,45,93,48.4,0,0.8,1.4,-0.8,5,46,7,4,58
235,Lucía Martínez,es ESP,"MF,DF",Dep La Coruña,23-170,2001,23.6,798,1062,75.1,16528,5473,245,296,82.8,405,480,84.4,132,242,54.5,1,1.2,1.4,-0.2,23,80,8,1,100
236,Vera Martínez,,DF,Dep La Coruña,25-245,1999,29,947,1260,75.2,18181,7823,305,359,85,543,634,85.6,90,236,38.1,1,0.4,0.5,0.6,8,72,6,3,77
237,Mireia Masegur,,DF,Eibar,22-270,2002,20,256,396,64.6,5216,2248,71,104,68.3,153,208,73.6,29,74,39.2,0,0,0.1,0,1,19,1,1,27
238,Ángela Mateos,,MF,Granada,20-186,2004,0.7,14,21,66.7,245,62,5,6,83.3,7,10,70,1,2,50,0,0,0,0,0,1,1,0,3
239,Alicja Materek,pl POL,DF,Valencia,23-190,2001,0.2,7,9,77.8,115,48,2,2,100,5,7,71.4,0,0,,0,0,0,0,0,0,0,0,0
240,Kayla McKenna,jm JAM,"FW,MF",Madrid CFF,28-255,1996,6.2,82,114,71.9,1178,200,40,50,80,36,49,73.5,2,4,50,0,0.3,0.2,-0.3,5,4,4,1,7
241,Andrea Medina,es ESP,DF,Atlético Madrid,21-005,2004,17.6,840,1084,77.5,13045,5620,455,532,85.5,314,392,80.1,47,100,47,1,1,1.4,0,14,73,17,9,89
242,Kamilla Melgård,no NOR,"FW,MF",Madrid CFF,19-151,2005,17.4,218,350,62.3,3218,693,115,159,72.3,76,117,65,14,32,43.8,4,3.5,2.3,0.5,23,9,10,5,24
243,Lucía Méndez,,DF,UDG Tenerife,26-086,1999,1,31,39,79.5,703,361,7,8,87.5,17,20,85,7,11,63.6,0,0,0,0,0,7,0,0,4
244,María Méndez,es ESP,DF,Real Madrid,24-036,2001,21.3,1379,1519,90.8,28970,11723,396,426,93,762,799,95.4,210,269,78.1,1,1.4,1.9,-0.4,13,223,8,3,200
245,Núria Mendoza,es ESP,DF,Madrid CFF,29-152,1995,25.5,1037,1333,77.8,21461,9778,309,364,84.9,574,633,90.7,145,306,47.4,0,0.2,0.4,-0.2,6,62,7,2,65
246,Teresa Mérida,es ESP,DF,Levante,22-303,2002,20.1,842,1033,81.5,16315,6954,266,298,89.3,502,569,88.2,70,149,47,0,0.2,0.5,-0.2,4,54,3,1,59
247,Ariadna Mingueza,es ESP,MF,Granada,22-055,2003,26,912,1100,82.9,17234,4676,349,409,85.3,456,504,90.5,96,153,62.7,3,1.4,1.4,1.6,18,94,8,0,106
248,María Miralles,es ESP,GK,Eibar,27-353,1997,13.3,173,441,39.2,6634,5688,14,15,93.3,48,51,94.1,111,371,29.9,0,0,0,0,0,11,0,0,1
249,Itsaso Miranda Aldosoro,,MF,Athletic Club,25-003,2000,0,0,1,0,0,0,0,0,,0,1,0,0,0,,0,0,0,0,0,0,0,0,0
250,María Molina,es ESP,DF,Levante,25-007,2000,26.9,1114,1367,81.5,20877,8638,385,432,89.1,636,712,89.3,85,189,45,0,0.8,0.8,-0.8,13,82,7,3,91
251,Gift Monday,ng NGA,FW,UDG Tenerife,23-158,2001,17.3,223,345,64.6,3187,683,135,189,71.4,73,108,67.6,9,17,52.9,3,1.8,2.2,1.2,22,17,10,2,30
252,Mônica,br BRA,DF,Madrid CFF,47-042,1978,24.2,1082,1412,76.6,20366,10273,430,498,86.3,519,621,83.6,122,247,49.4,0,0.7,0.5,-0.7,12,73,7,4,83
253,Margherita Monnecchi,it ITA,"FW,MF",Eibar,23-191,2001,18.6,178,397,44.8,3302,1363,75,141,53.2,64,129,49.6,30,58,51.7,4,1.9,1.7,2.1,17,20,12,10,26
254,Natalia Montilla,es ESP,MF,Espanyol,26-210,1998,0.7,7,14,50,139,110,3,5,60,1,2,50,2,4,50,0,0,0,0,0,1,0,0,0
255,Julia Mora,es ESP,DF,Levante Planas,27-214,1997,12.3,562,723,77.7,9881,4434,230,278,82.7,278,341,81.5,46,82,56.1,0,0.1,0.2,-0.1,4,48,1,0,46
256,Lucía Moral,es ESP,FW,Sevilla,21-094,2004,9.8,152,235,64.7,2152,371,90,126,71.4,55,79,69.6,3,12,25,1,0.5,0.3,0.5,6,9,0,0,10
257,Raquel Morcillo,es ESP,"FW,DF",Sevilla,26-038,1999,17.5,430,648,66.4,7178,3015,219,274,79.9,172,235,73.2,33,91,36.3,0,0.9,0.8,-0.9,11,32,8,4,50
258,Emma Moreno,es ESP,FW,Atlético Madrid,18-014,2007,0.2,3,3,100,37,1,3,3,100,0,0,,0,0,,0,0,0,0,0,0,0,0,0
259,Yerliane Moreno,ve VEN,MF,UDG Tenerife,24-215,2000,14.9,397,500,79.4,7183,1911,173,213,81.2,180,199,90.5,39,63,61.9,1,0.9,0.8,0.1,7,41,5,0,40
260,Yasmin Mrabet,ma MAR,"MF,DF",Valencia,25-281,1999,24,660,973,67.8,13669,5018,218,322,67.7,314,396,79.3,111,206,53.9,1,0.5,0.8,0.5,14,97,2,0,103
261,Henar Muiña,,"MF,DF",Dep La Coruña,25-208,1999,5.1,135,178,75.8,3014,1278,36,47,76.6,73,83,88,26,44,59.1,0,0,0.1,0,1,21,2,0,24
262,Blanca Muñoz,es ESP,DF,Real Betis,25-186,1999,18.1,555,718,77.3,8971,3614,300,344,87.2,203,263,77.2,43,70,61.4,0,0.2,0.3,-0.2,4,29,6,2,35
263,Caroline Møller,dk DEN,"MF,FW",Real Madrid,26-148,1998,7.1,142,208,68.3,2326,559,78,103,75.7,48,65,73.8,10,18,55.6,2,0.9,0.5,1.1,7,14,6,3,20
264,Ange N'Guessan,ci CIV,FW,UDG Tenerife,34-179,1990,8.1,104,148,70.3,1943,580,42,59,71.2,49,61,80.3,12,18,66.7,1,0.8,0.6,0.2,8,14,9,1,27
265,Adriana Nanclares,es ESP,GK,Athletic Club,23-007,2002,29,985,1231,80,23629,17454,232,233,99.6,498,515,96.7,244,465,52.5,0,0,0,0,0,6,0,0,0
266,Emilie Nautnes,no NOR,FW,Madrid CFF,26-123,1999,11.4,98,147,66.7,1611,240,39,65,60,51,60,85,4,12,33.3,1,1.1,1,-0.1,8,6,3,3,6
267,Eva Navarro,es ESP,FW,Real Madrid,24-109,2001,10,286,417,68.6,4561,1406,153,192,79.7,101,141,71.6,24,45,53.3,2,2.5,2.8,-0.5,29,20,35,14,41
268,Lorena Navarro,es ESP,"MF,FW",Real Sociedad,24-186,2000,7.7,347,410,84.6,5564,1373,165,184,89.7,161,177,91,15,29,51.7,0,0.5,0.6,-0.5,9,32,6,0,45
269,Kika Nazareth,pt POR,"FW,MF",Barcelona,22-180,2002,11,564,669,84.3,8327,1668,333,367,90.7,183,215,85.1,34,52,65.4,3,3.9,3.3,-0.9,37,35,27,0,62
270,Nerea Nevado,es ESP,"DF,MF",Athletic Club,24-019,2001,23.2,1105,1455,75.9,19507,6444,495,564,87.8,499,609,81.9,98,219,44.7,6,4.1,3.2,1.9,39,89,28,17,89
271,Morgan Nicoli,fr FRA,"MF,DF",Levante Planas,28-039,1997,0.7,16,22,72.7,372,143,4,5,80,8,10,80,4,6,66.7,0,0,0,0,0,1,1,0,3
272,Anela Nigito,ar ARG,MF,Valencia,20-328,2004,0.3,5,6,83.3,138,79,1,1,100,2,3,66.7,2,2,100,0,0,0,0,0,2,0,0,2
273,Blessing Nkor,,MF,Dep La Coruña,21-227,2003,0,0,0,,0,0,0,0,,0,0,,0,0,,0,0,0,0,0,0,0,0,0
274,Paula Novo,,"MF,DF",Dep La Coruña,20-033,2005,7.4,207,321,64.5,4122,1683,69,91,75.8,109,155,70.3,27,58,46.6,0,0.2,0.2,-0.2,2,22,1,1,19
275,Irene Oguiza,es ESP,"MF,FW",Athletic Club,25-131,2000,6.5,247,310,79.7,4280,974,120,147,81.6,98,116,84.5,24,33,72.7,0,0.2,0.6,-0.2,2,25,4,1,34
276,Patricia Ojeda,es ESP,"DF,FW",Eibar,34-069,1991,18.1,367,629,58.3,7113,3378,143,189,75.7,169,272,62.1,48,144,33.3,0,0.3,0.9,-0.3,7,49,10,8,44
277,Maite Oroz,es ESP,"FW,MF",Real Madrid,27-052,1998,0.3,17,21,81,214,19,10,11,90.9,5,6,83.3,0,0,,0,0,0.8,0,0,0,0,0,0
278,Sara Ortega,es ESP,"MF,FW",Athletic Club,20-085,2005,23.1,652,901,72.4,10472,2934,339,392,86.5,255,330,77.3,44,112,39.3,3,4.1,3.7,-1.1,26,45,30,14,77
279,Malena Ortiz,az AZE,"MF,DF",Valencia,27-304,1997,1.5,23,30,76.7,301,73,12,15,80,8,10,80,0,1,0,0,0,0,0,0,3,0,0,2
280,Samara Ortíz,,"MF,DF",Dep La Coruña,27-304,1997,19.8,433,655,66.1,7391,3651,191,259,73.7,200,278,71.9,32,79,40.5,1,2.2,1.4,-1.2,14,29,15,8,45
281,Rosa Otermín,es ESP,"DF,MF",Atlético Madrid,24-226,2000,13.6,521,712,73.2,8452,3338,260,295,88.1,210,264,79.5,35,118,29.7,1,1.8,2.7,-0.8,22,45,17,8,76
282,Sakina Ouzraoui,ma MAR,"FW,MF",UDG Tenerife,23-260,2001,12,115,237,48.5,1694,471,73,112,65.2,29,66,43.9,8,35,22.9,0,0.5,1.2,-0.5,7,9,5,1,23
283,Jacqueline Owusu,gh GHA,MF,Real Sociedad,22-338,2002,0.1,5,5,100,106,38,1,1,100,4,4,100,0,0,,0,0,0,0,0,1,0,0,1
284,Judit Pablos,,"FW,MF",Espanyol,27-308,1997,5.7,35,75,46.7,578,220,17,23,73.9,13,25,52,3,14,21.4,0,0.2,0.1,-0.2,3,5,1,1,4
285,Natalia Padilla-Bidas,pl POL,FW,Sevilla,22-191,2002,20.6,212,336,63.1,3198,620,122,165,73.9,73,103,70.9,11,31,35.5,1,1.4,1.3,-0.4,10,17,6,2,24
286,Ewa Pajor,pl POL,FW,Barcelona,28-164,1996,21.1,270,373,72.4,3318,500,177,233,76,61,75,81.3,10,15,66.7,8,5.9,5.3,2.1,41,5,17,1,29
287,Salma Paralluelo,es ESP,FW,Barcelona,21-184,2003,8.9,248,300,82.7,3489,814,159,176,90.3,63,81,77.8,15,25,60,3,2.6,2.6,0.4,18,12,21,6,32
288,Lucia Pardo,es ESP,"FW,MF",Real Sociedad,25-131,2000,14.2,305,422,72.3,4646,998,168,214,78.5,109,135,80.7,19,36,52.8,2,1.6,0.8,0.4,15,31,16,0,53
289,Irene Paredes,es ESP,DF,Barcelona,33-316,1991,15.5,1176,1284,91.6,20290,9304,513,541,94.8,574,623,92.1,81,99,81.8,1,1.5,1.8,-0.5,13,158,9,5,132
290,Paula Partido,es ESP,"FW,MF",Sevilla,20-075,2005,5.4,72,114,63.2,1107,385,37,46,80.4,30,49,61.2,4,12,33.3,0,0.1,0.8,-0.1,4,5,4,2,11
291,Pauleta,es ESP,"DF,FW",Valencia,26-338,1998,21.1,566,923,61.3,10096,5286,270,342,78.9,216,339,63.7,74,192,38.5,2,1.4,2.1,0.6,21,51,20,11,61
292,Alena Pěčková,cz CZE,"FW,DF",Eibar,24-047,2001,8.8,187,279,67,2975,1687,96,121,79.3,74,105,70.5,11,31,35.5,0,0.1,0.1,-0.1,2,8,3,2,10
293,Leire Peña,es ESP,"MF,FW",Eibar,23-330,2001,0.8,14,24,58.3,187,69,8,9,88.9,4,8,50,1,5,20,0,0.1,0.1,-0.1,1,0,0,0,0
294,Raquel Peña,es ESP,DF,UDG Tenerife,36-147,1988,21.9,746,1171,63.7,15238,8230,251,310,81,360,480,75,131,337,38.9,2,4.4,4.2,-2.4,34,56,22,11,81
295,Paula Perea,es ESP,DF,Espanyol,28-331,1996,22.2,467,794,58.8,8647,5413,203,276,73.6,195,309,63.1,65,174,37.4,0,0.8,1.5,-0.8,15,46,17,10,47
296,Inês Pereira,pt POR,GK,Dep La Coruña,25-355,1999,26.6,687,966,71.1,16934,10839,174,174,100,316,322,98.1,193,462,41.8,0,0.1,0.1,-0.1,2,10,1,0,3
297,Alba Pérez,es ESP,DF,Granada,24-332,2000,23.7,1111,1400,79.4,23130,9337,337,383,88,607,698,87,161,285,56.5,0,2,2.2,-2,18,78,23,14,78
298,Laura Pérez,es ESP,"MF,FW",Granada,26-335,1998,22.5,531,850,62.5,9426,3159,253,320,79.1,205,309,66.3,62,150,41.3,9,5.6,5.7,3.4,51,25,40,26,63
299,Xènia Pérez,es ESP,DF,Atlético Madrid,23-200,2001,17.2,942,1076,87.5,16912,7754,385,412,93.4,474,528,89.8,74,113,65.5,0,0.5,1,-0.5,2,81,3,0,90
300,Claudia Pina,es ESP,FW,Barcelona,23-277,2001,16.9,789,981,80.4,11647,3180,474,524,90.5,242,299,80.9,51,96,53.1,7,6.1,6.4,0.9,59,55,49,7,129
301,Clara Pinedo,es ESP,MF,Athletic Club,21-249,2003,17.7,517,695,74.4,8721,2463,251,292,86,204,249,81.9,50,114,43.9,3,2.5,2.2,0.5,23,45,16,1,73
302,Itziar Pinillos,,DF,Levante Planas,24-237,2000,24,1070,1412,75.8,18109,7520,539,614,87.8,416,546,76.2,99,202,49,0,1.5,1.4,-1.5,15,100,19,5,113
303,Tatiana Pinto,pt POR,"MF,FW",Atlético Madrid,31-049,1994,13.5,495,606,81.7,7946,1926,260,296,87.8,183,218,83.9,37,56,66.1,3,2,1,1,16,54,9,2,67
304,Esperanza Pizarro,uy URU,"FW,MF",Eibar,24-031,2001,21.2,312,572,54.5,6234,1873,132,212,62.3,106,172,61.6,62,142,43.7,0,1.6,1.8,-1.6,26,26,14,4,48
305,Allegra Poljak,rs SRB,"DF,FW",Madrid CFF,26-100,1999,28.8,716,1106,64.7,12144,4534,354,470,75.3,257,378,68,83,172,48.3,4,3.8,3.7,0.2,34,42,28,12,82
306,Macarena Portales,es ESP,"FW,MF",Levante Planas,26-287,1998,25.4,540,715,75.5,7411,1492,329,389,84.6,152,198,76.8,25,44,56.8,2,3.8,4.2,-1.8,27,21,13,2,60
307,Cristina Postigo,es ESP,"DF,MF",Granada,27-019,1998,21.5,759,1128,67.3,15593,7776,250,324,77.2,381,501,76,119,246,48.4,3,3.2,2.8,-0.2,18,76,30,16,98
308,Berta Pujadas,es ESP,DF,Levante Planas,25-037,2000,28.3,1198,1450,82.6,22537,8382,382,422,90.5,722,799,90.4,88,197,44.7,0,0.3,0.7,-0.3,4,108,3,0,90
309,Judit Pujols,es ESP,DF,Barcelona,20-080,2005,0.2,9,11,81.8,83,49,8,9,88.9,0,1,0,0,0,,0,0,0,0,0,2,0,0,0
310,Alexia Putellas,es ESP,"MF,FW",Barcelona,31-101,1994,17.1,986,1230,80.2,14087,4741,592,678,87.3,306,380,80.5,52,95,54.7,11,11.4,9.1,-0.4,63,109,77,13,196
311,Quiles,es ESP,DF,Real Sociedad,25-157,1999,6.1,229,313,73.2,3880,1697,96,113,85,110,140,78.6,16,41,39,1,0.9,0.2,0.1,3,22,3,1,28
312,Emma Ramírez,es ESP,DF,Real Sociedad,23-006,2002,22.8,1238,1608,77,22178,8791,548,629,87.1,552,701,78.7,124,220,56.4,2,1.7,2.3,0.3,17,141,26,16,142
313,Lucía Ramos,,"DF,FW",Granada,25-245,1999,2.7,49,75,65.3,1069,215,16,26,61.5,20,27,74.1,12,19,63.2,0,0.1,0.1,-0.1,1,2,2,2,5
314,Natalia Ramos,es ESP,MF,UDG Tenerife,26-095,1999,2,43,67,64.2,908,321,12,21,57.1,23,26,88.5,8,19,42.1,0,0,0,0,1,4,1,0,6
315,Noelia Ramos,es ESP,GK,UDG Tenerife,26-095,1999,28,680,966,70.4,19283,14658,124,125,99.2,326,334,97.6,229,504,45.4,0,0,0.1,0,0,16,1,0,1
316,Kerlly Real,ec ECU,DF,Valencia,26-190,1998,7.3,137,250,54.8,2566,1304,46,74,62.2,69,111,62.2,16,44,36.4,0,0.5,0.7,-0.5,3,11,4,4,15
317,Alba Redondo,es ESP,"FW,MF",Real Madrid,28-262,1996,16.5,234,325,72,3149,818,153,182,84.1,56,85,65.9,9,18,50,3,1.9,1.9,1.1,17,18,8,0,33
318,Alicia Redondo,es ESP,MF,Sevilla,23-195,2001,22.5,638,802,79.6,10587,4134,308,360,85.6,282,328,86,37,73,50.7,2,2.2,1.6,-0.2,19,77,6,1,91
319,Laura Requena,es ESP,"FW,MF",Granada,34-356,1990,27.5,820,1107,74.1,14815,3632,359,446,80.5,353,443,79.7,95,148,64.2,2,2.6,2.6,-0.6,31,104,21,2,172
320,Nina Richard,fr FRA,"MF,FW",UDG Tenerife,24-252,2000,4.2,80,116,69,1167,304,42,64,65.6,30,34,88.2,4,10,40,0,0,0.1,0,0,8,1,0,10
321,Marina Rivas,es ESP,"MF,FW",Madrid CFF,19-318,2005,0.4,9,14,64.3,190,72,3,5,60,4,5,80,2,2,100,0,0.1,0.2,-0.1,1,1,2,1,1
322,Martina Rivas,,GK,Dep La Coruña,18-327,2006,0.4,7,12,58.3,220,171,1,1,100,2,2,100,4,9,44.4,0,0,0,0,0,0,0,0,0
323,Inés Rizo,,"FW,DF",Levante,20-185,2004,1.8,19,40,47.5,296,47,14,26,53.8,4,6,66.7,1,3,33.3,1,0.2,0.1,0.8,2,0,0,0,2
324,Rhiannon Roberts,wls WAL,DF,Real Betis,34-259,1990,19.6,598,810,73.8,13298,6894,144,178,80.9,346,409,84.6,105,204,51.5,0,0,0.7,0,1,54,4,1,56
325,Alba Rodao,es ESP,FW,Real Betis,19-108,2006,2.9,46,68,67.6,627,83,28,40,70,16,21,76.2,0,3,0,1,0.5,0.2,0.5,1,2,2,0,7
326,Cinta Rodríguez,es ESP,DF,UDG Tenerife,25-190,1999,20,702,875,80.2,15813,6628,145,164,88.4,432,481,89.8,122,214,57,0,0.5,0.4,-0.5,3,61,4,0,57
327,Clara Rodríguez,,"DF,MF",Granada,22-093,2003,1.4,54,70,77.1,1016,360,21,23,91.3,27,32,84.4,6,12,50,0,0,0.1,0,1,3,3,2,4
328,Lucía Rodríguez,es ESP,DF,Real Sociedad,25-357,1999,24.3,1331,1630,81.7,24815,11606,488,548,89.1,730,817,89.4,106,211,50.2,3,1.2,2,1.8,11,108,24,8,119
329,Misa Rodríguez,es ESP,GK,Real Madrid,25-298,1999,24,616,728,84.6,13620,9553,141,143,98.6,350,356,98.3,116,217,53.5,0,0,0,0,0,2,0,0,1
330,Olaya Rodríguez,es ESP,"MF,FW",Dep La Coruña,20-007,2005,20.6,460,645,71.3,7434,2510,248,297,83.5,159,222,71.6,40,89,44.9,1,1.5,1.5,-0.5,21,38,12,4,49
331,Ellie Roebuck,eng ENG,GK,Barcelona,25-235,1999,2,37,39,94.9,639,460,17,17,100,17,19,89.5,3,3,100,0,0,0,0,0,0,0,0,0
332,Fridolina Rolfö,se SWE,DF,Barcelona,31-173,1993,13.7,760,907,83.8,10650,2518,496,540,91.9,217,271,80.1,27,52,51.9,4,4.5,4.5,-0.5,36,15,46,14,57
333,Alba Ruiz,es ESP,"DF,MF",Madrid CFF,23-186,2001,7.8,194,290,66.9,3161,1196,109,138,79,71,95,74.7,12,37,32.4,0,0.3,0.5,-0.3,4,21,7,1,23
334,Belén Ruíz,es ESP,GK,Madrid CFF,21-034,2004,4,103,138,74.6,1866,1076,40,40,100,43,46,93.5,13,45,28.9,0,0,0,0,0,0,0,0,0
335,María Ruíz,es ESP,"MF,FW",Real Betis,24-125,2001,14.4,269,404,66.6,4080,1566,148,196,75.5,85,124,68.5,22,47,46.8,0,0.3,0.2,-0.3,6,22,2,0,28
336,Malou Rylov,dk DEN,MF,Madrid CFF,22-030,2003,19.9,513,697,73.6,8669,2525,248,317,78.2,194,237,81.9,52,92,56.5,4,3.8,1,0.2,27,60,12,3,70
337,Enith Salón,es ESP,GK,Valencia,23-234,2001,5,91,139,65.5,2477,1927,23,23,100,34,36,94.4,34,79,43,0,0,0,0,0,3,0,0,0
338,Romane Salvador,fr FRA,GK,Espanyol,27-007,1998,25.5,385,732,52.6,14244,12112,58,60,96.7,114,120,95,212,548,38.7,0,0,0.3,0,1,29,2,0,1
339,Olga San Nicolás,es ESP,FW,Valencia,21-186,2003,4.5,59,95,62.1,807,184,32,43,74.4,22,32,68.8,2,8,25,0,0.2,0.1,-0.2,3,3,1,0,6
340,Sanadri,es ESP,"FW,MF",Athletic Club,25-083,2000,1.5,21,34,61.8,278,22,13,19,68.4,6,11,54.5,1,1,100,1,0.3,0.1,0.7,3,0,0,0,0
341,Carlota Sánchez,,MF,Dep La Coruña,23-115,2002,0.3,2,3,66.7,32,0,1,1,100,1,1,100,0,0,,0,0,0,0,0,0,0,0,0
342,Laura Sánchez,,GK,Granada,18-335,2006,9.2,177,243,72.8,4444,3169,46,46,100,73,78,93.6,58,118,49.2,0,0,0,0,0,4,0,0,0
343,Marina Sanchez,es ESP,MF,Real Betis,24-186,2000,10.3,220,292,75.3,3818,991,78,103,75.7,119,140,85,15,21,71.4,0,0.1,0.2,-0.1,5,10,1,0,15
344,Paula Sánchez,es ESP,"MF,FW",Levante Planas,,0,1.2,22,29,75.9,320,87,9,11,81.8,9,11,81.8,1,1,100,0,0,0,0,0,4,0,0,4
345,Carla Santaliestra,es ESP,"FW,MF",Real Betis,21-186,2003,4.2,57,77,74,780,129,29,37,78.4,23,27,85.2,1,2,50,0,0.2,0.1,-0.2,1,3,1,1,4
346,Olatz Santana,es ESP,GK,Real Sociedad,28-008,1997,0.5,7,13,53.8,120,102,4,5,80,1,2,50,1,5,20,0,0,0,0,0,0,0,0,0
347,Erika Santoro,it ITA,DF,Real Betis,25-255,1999,3,72,110,65.5,1340,676,26,31,83.9,37,50,74,8,20,40,0,0.2,0.1,-0.2,4,7,3,1,7
348,Elsa Santos,,MF,Real Madrid,18-004,2007,0.3,6,9,66.7,70,8,5,7,71.4,1,2,50,0,0,,0,0,0,0,0,1,0,0,1
349,Izarne Sarasola,es ESP,DF,Real Sociedad,23-088,2002,4.5,171,217,78.8,3005,1144,68,82,82.9,86,100,86,14,24,58.3,0,0.2,0.3,-0.2,3,8,1,1,10
350,Amaiur Sarriegi,es ESP,FW,Real Sociedad,24-154,2000,21.6,282,391,72.1,3763,780,177,218,81.2,74,95,77.9,10,21,47.6,1,2.3,2.3,-1.3,21,14,7,0,31
351,Sydney Schertenleib,ch SUI,"MF,FW",Barcelona,18-106,2007,7.2,465,511,91,6803,1473,273,293,93.2,155,168,92.3,21,28,75,2,1.1,1.2,0.9,17,51,11,1,52
352,Bibiane Schulze-Solano,de GER,DF,Athletic Club,26-185,1998,2,54,69,78.3,1147,498,12,14,85.7,34,38,89.5,8,17,47.1,0,0,0,0,0,4,0,0,7
353,Mar Segarra,es ESP,GK,Espanyol,23-315,2001,3.5,57,81,70.4,1495,1222,13,13,100,22,22,100,22,45,48.9,0,0,0,0,0,1,0,0,0
354,Melanie Serrano,es ESP,DF,Levante Planas,35-216,1989,10.3,503,681,73.9,9407,4384,211,241,87.6,228,278,82,57,138,41.3,0,0.2,0.6,-0.2,6,85,3,1,67
355,Andrea Sierra,es ESP,"DF,MF",Eibar,27-001,1998,4.1,78,132,59.1,1068,744,54,71,76.1,21,43,48.8,2,13,15.4,0,0.2,0.2,-0.2,1,6,1,0,11
356,Lena Silano,us USA,FW,UDG Tenerife,25-108,2000,3,45,75,60,723,155,24,33,72.7,19,29,65.5,2,6,33.3,0,0.1,0.1,-0.1,2,4,1,0,6
357,Sofia Silva,pt POR,DF,Valencia,22-282,2002,4.9,170,207,82.1,3177,1080,66,78,84.6,91,99,91.9,13,23,56.5,0,0,0,0,0,4,1,0,10
358,Silvi,,DF,Real Madrid,17-015,2008,0.5,31,32,96.9,577,199,11,12,91.7,18,18,100,2,2,100,0,0,0,0,0,1,0,0,2
359,Bénédicte Simon,fr FRA,"DF,MF",Valencia,27-348,1997,5.2,97,161,60.2,1752,1005,42,59,71.2,46,64,71.9,8,26,30.8,0,0.2,0.2,-0.2,4,11,1,1,15
360,Simona,,DF,Espanyol,30-063,1995,5.3,85,116,73.3,1715,729,25,32,78.1,50,57,87.7,10,25,40,0,0,0,0,1,8,1,0,9
361,Gema Soliveres,es ESP,MF,Real Betis,24-194,2000,14.7,419,568,73.8,8333,3296,158,203,77.8,196,237,82.7,60,101,59.4,0,0.2,0.5,-0.2,5,54,1,0,67
362,Ángela Sosa,es ESP,MF,Levante,32-120,1993,20,886,1198,74,16210,5288,409,467,87.6,336,413,81.4,118,252,46.8,2,2.5,3.1,-0.5,32,101,21,8,129
363,Esther Sullastres,es ESP,GK,Sevilla,32-057,1993,26.9,537,879,61.1,14281,10464,107,109,98.2,258,271,95.2,170,493,34.5,0,0,0,0,1,5,0,0,0
364,Ingrid Syrstad Engen,no NOR,"DF,MF",Barcelona,27-017,1998,18.4,1748,1865,93.7,27743,10737,912,947,96.3,702,737,95.3,96,125,76.8,0,1.1,3.1,-1.1,22,313,19,5,199
365,Thea Sørbo,no NOR,MF,UDG Tenerife,22-049,2003,7.5,165,215,76.7,3120,714,60,78,76.9,83,92,90.2,18,29,62.1,0,0,0.2,0,1,20,2,1,26
366,Sara Tamarit,es ESP,"DF,MF",Valencia,,0,17.7,435,708,61.4,8517,3878,158,216,73.1,212,295,71.9,61,160,38.1,2,0.8,2,1.2,12,45,10,7,50
367,Laura Tanarro,,"FW,MF",Atlético Madrid,21-135,2004,0.3,6,11,54.5,85,32,3,4,75,3,5,60,0,0,,0,0,0,0,0,0,0,0,0
368,Andrea Tarazona,es ESP,GK,Levante,21-056,2004,16.3,329,434,75.8,7216,4996,113,114,99.1,145,151,96,68,165,41.2,0,0,0,0,0,2,0,0,0
369,Ana de Teresa,es ESP,"FW,MF",Dep La Coruña,23-192,2001,4.1,43,77,55.8,608,231,24,31,77.4,16,26,61.5,2,8,25,1,0.5,0.2,0.5,3,2,4,0,7
370,Sandie Toletti,fr FRA,MF,Real Madrid,29-307,1995,13.4,704,847,83.1,11423,4435,359,405,88.6,284,322,88.2,47,91,51.6,6,3,2,3,34,115,26,2,124
371,Mar Torrás,,MF,Espanyol,29-040,1996,21.6,268,433,61.9,4152,1817,134,206,65,109,154,70.8,15,35,42.9,2,1.5,1,0.5,14,36,3,1,55
372,Maddi Torre,es ESP,DF,Athletic Club,29-047,1996,26.5,1540,1781,86.5,30782,12077,427,477,89.5,946,1033,91.6,159,243,65.4,0,0.7,0.7,-0.7,5,131,1,0,148
373,Marta Torrejón,es ESP,DF,Barcelona,35-078,1990,12.9,1051,1134,92.7,16295,7374,558,581,96,430,455,94.5,40,58,69,1,1.3,1.6,-0.3,8,152,6,2,137
374,Julia Torres,,"FW,DF",Sevilla,,0,0.7,23,32,71.9,500,242,7,10,70,11,14,78.6,5,7,71.4,0,0,0,0,0,1,0,0,3
375,Anna Torroda,es ESP,MF,Levante,25-115,2000,16.5,717,870,82.4,11857,4299,340,384,88.5,321,363,88.4,45,70,64.3,0,0.5,0.9,-0.5,10,81,5,1,90
376,Emma Tovar,,"MF,DF",Valencia,21-163,2003,1.8,66,82,80.5,1273,549,24,28,85.7,36,40,90,6,11,54.5,0,0,0,0,0,7,0,0,6
377,Cameron Tucker,us USA,MF,Levante,25-305,1999,0.3,2,6,33.3,37,6,1,3,33.3,1,1,100,0,0,,0,0,0,0,1,0,0,0,0
378,Amanda Uju,ng NGA,"MF,FW",Espanyol,26-132,1999,3.6,73,107,68.2,1161,481,34,40,85,28,42,66.7,7,13,53.8,0,0.2,0.2,-0.2,5,13,2,0,16
379,Paola Ulloa,,GK,Madrid CFF,28-141,1996,25,639,775,82.5,12795,8385,215,217,99.1,250,280,89.3,127,227,55.9,0,0,0,0,0,1,0,0,0
380,Malen Uranga,,FW,Eibar,22-264,2002,0.7,16,24,66.7,216,115,10,14,71.4,5,8,62.5,1,1,100,0,0.2,0.6,-0.2,1,2,2,1,4
381,Mirari Uria,es ESP,FW,Real Sociedad,22-135,2003,8.4,107,146,73.3,1495,171,68,81,84,30,42,71.4,5,8,62.5,1,0.9,1.2,0.1,5,4,1,0,6
382,Itxaso Uriarte,es ESP,MF,Athletic Club,33-257,1991,0.1,0,1,0,0,0,0,0,,0,0,,0,1,0,0,0,0,0,0,0,0,0,0
383,Naroa Uriarte,es ESP,DF,Granada,24-100,2001,0,2,2,100,49,19,0,0,,2,2,100,0,0,,0,0,0,0,0,0,0,0,0
384,Irina Uribe,es ESP,"FW,MF",Levante Planas,26-291,1998,14.5,164,313,52.4,2606,833,90,127,70.9,47,87,54,18,59,30.5,0,1.6,2.4,-1.6,17,9,9,4,24
385,Maite Valero,,"MF,FW",Athletic Club,21-223,2003,16.5,515,699,73.7,9051,2271,198,269,73.6,265,324,81.8,37,56,66.1,1,0.3,0.4,0.7,5,55,6,1,68
386,Lucía Vallejo,,"DF,FW",Espanyol,21-310,2003,13.1,209,366,57.1,3985,2149,84,113,74.3,92,147,62.6,28,88,31.8,1,0.8,1.3,0.2,10,22,6,0,28
387,Eva Van Deursen,nl NED,MF,Eibar,26-115,1999,10.2,166,263,63.1,2771,882,65,86,75.6,85,116,73.3,9,31,29,0,0.2,0.4,-0.2,3,13,4,1,27
388,Manuela Vanegas,co COL,DF,Real Sociedad,24-188,2000,11,697,796,87.6,12911,6860,263,276,95.3,367,391,93.9,57,110,51.8,1,1.2,0.6,-0.2,5,64,4,2,50
389,Michele Vasconcelos,us USA,"MF,FW",Levante Planas,31-005,1994,0.2,8,10,80,87,26,7,8,87.5,1,2,50,0,0,,0,0,0,0,0,1,1,0,2
390,Elena Vázquez,,DF,Dep La Coruña,17-220,2007,3.1,66,102,64.7,1413,819,17,20,85,37,46,80.4,12,35,34.3,0,0,0,0,0,2,0,0,1
391,Elba Vergés Prats,fr FRA,DF,Eibar,29-204,1995,29,534,786,67.9,12714,5869,116,160,72.5,283,354,79.9,128,244,52.5,1,0.8,0.5,0.2,5,63,6,2,64
392,Ainhoa Vicente,es ESP,DF,Atlético Madrid,29-269,1995,26.3,1556,1912,81.4,26258,11456,746,836,89.2,664,800,83,117,215,54.4,1,1.1,2.2,-0.1,14,219,27,2,252
393,Ornella Vignola,es ESP,"MF,FW",Granada,20-228,2004,23.1,380,582,65.3,7579,2104,142,187,75.9,165,207,79.7,63,137,46,3,3,3.6,0,33,45,22,13,68
394,Vilariño,,"FW,DF",Athletic Club,22-320,2002,9.7,226,338,66.9,3728,1429,118,147,80.3,86,126,68.3,16,36,44.4,1,0.7,0.6,0.3,9,13,6,2,23
395,Elene Viles,es ESP,"DF,MF",Real Sociedad,23-318,2001,1.8,104,126,82.5,1802,748,45,53,84.9,53,56,94.6,5,12,41.7,1,0,0.1,1,1,14,0,0,18
396,Sandra Villafañe,es ESP,DF,Madrid CFF,19-240,2005,23.8,925,1181,78.3,16843,7778,376,442,85.1,443,527,84.1,92,169,54.4,0,0.3,0.4,-0.3,10,56,7,1,68
397,Ana Vitória,br BRA,MF,Atlético Madrid,25-071,2000,5.9,183,238,76.9,3032,897,86,98,87.8,82,111,73.9,10,19,52.6,0,0.2,0.5,-0.2,4,19,7,2,27
398,Paula Vizoso,,GK,Real Betis,25-088,2000,20.3,528,759,69.6,12920,8977,133,135,98.5,245,269,91.1,145,346,41.9,0,0.1,0,-0.1,1,4,0,0,0
399,Keira Walsh,eng ENG,MF,Barcelona,28-038,1997,10.1,804,882,91.2,11086,3376,511,541,94.5,249,264,94.3,20,35,57.1,2,1.5,1.7,0.5,12,113,13,1,90
400,Caroline Weir,sct SCO,"MF,FW",Real Madrid,29-330,1995,18,609,780,78.1,9388,2512,343,401,85.5,206,253,81.4,42,84,50,8,5.7,6.2,2.3,50,49,28,4,85
401,Michaela Workou,,"DF,MF",Levante,18-216,2006,0.3,10,12,83.3,148,34,5,6,83.3,4,5,80,0,0,,0,0,0,0,1,2,0,0,2
402,Yasmim,br BRA,DF,Real Madrid,28-200,1996,9.6,524,686,76.4,8979,2914,235,268,87.7,251,308,81.5,34,77,44.2,1,2,2.2,-1,15,58,14,7,76
403,Iraia Yerobi,,MF,Eibar,20-305,2004,0.1,0,1,0,0,0,0,0,,0,1,0,0,0,,0,0,0,0,0,0,0,0,0
404,Lee Young-ju,kr KOR,MF,Levante Planas,33-024,1992,12.4,339,461,73.5,5469,1682,162,215,75.3,140,170,82.4,25,47,53.2,0,0.3,0.5,-0.3,6,37,6,1,45
405,Aleksandra Zaremba,pl POL,"DF,MF",UDG Tenerife,24-086,2001,23,730,1080,67.6,13885,5561,289,365,79.2,346,491,70.5,92,185,49.7,2,2,1.7,0,24,52,22,16,83
406,Yasmine Zouhir,ma MAR,FW,Real Betis,19-304,2005,8.8,99,144,68.8,1321,153,62,88,70.5,25,31,80.6,7,10,70,2,0.5,0.3,1.5,9,2,3,1,4
407,Maite Zubieta,es ESP,"MF,DF",Athletic Club,20-353,2004,23.8,1272,1520,83.7,25093,6969,446,520,85.8,650,715,90.9,166,248,66.9,1,1.2,1.9,-0.2,12,161,25,2,187
408,Patricia Zugasti,es ESP,"FW,MF",Athletic Club,24-282,2000,5.9,93,151,61.6,1325,358,54,78,69.2,30,43,69.8,4,16,25,1,0.6,0.7,0.4,9,5,8,4,16
