Rk,Player,Nation,Pos,Squad,Age,Born,90s,touches,def_pen_touches,def_third_touches,mid_third_touches,att_third_touches,att_pen_touches,liveball_touches,takeons_att,takeon_succ,takeon_succ_perc,takeons_tackled,perc_takeons_tackled,total_carries,total_carry_distance,progressive_carry_distance,progressive_carries,carries_into_final_third,carries_into_pen_area,miscontrols,dispossessed,passes_received,progressive_passes_received
1,Princess Ademiluyi,eng ENG,"FW,DF",West Ham,18,2006,0.8,28,0,1,9,18,5,28,4,2,50,2,50,21,155,45,1,2,1,7,5,21,7
2,Michelle Agyemang,eng ENG,"FW,MF",Brighton,18,2006,6.4,298,15,53,112,138,33,298,25,11,44,14,56,162,970,458,16,7,10,24,14,193,38
3,Olga Ahtinen,fi FIN,MF,Tottenham,,,4.4,328,13,101,175,55,3,328,10,4,40,6,60,154,596,215,1,3,0,10,6,206,10
4,Asmita Ale,eng ENG,DF,Leicester City,22,2001,15.5,942,61,430,356,164,19,942,14,4,28.6,10,71.4,312,1665,864,17,13,1,27,12,387,35
5,Laia Aleixandri,es ESP,"DF,MF",Manchester City,23,2000,18.4,1777,119,611,1025,147,7,1777,14,11,78.6,3,21.4,1099,5720,3602,12,14,1,11,11,1319,12
6,Chloe Arthur,sct SCO,"MF,DF",Crystal Palace,29,1995,3.4,131,13,53,68,10,1,131,6,4,66.7,2,33.3,48,192,49,0,0,0,6,5,63,2
7,Verena Aschauer,at AUT,DF,West Ham,30,1994,10.3,640,43,279,224,147,11,640,16,5,31.3,10,62.5,232,1174,659,16,5,2,16,6,285,22
8,Brooke Aspin,eng ENG,DF,Crystal Palace,19,2005,2.5,119,34,89,28,2,1,119,1,1,100,0,0,63,236,88,0,0,0,0,2,76,0
9,Viviane Asseyi,fr FRA,"MF,FW",West Ham,30,1993,19.6,837,26,185,330,336,45,835,54,24,44.4,29,53.7,405,2639,1147,40,21,12,52,44,486,91
10,Izzy Atkinson,ie IRL,"MF,FW",Crystal Palace,23,2001,0.2,8,0,2,4,3,1,8,0,0,,0,,3,19,3,0,0,0,1,0,4,2
11,Marit Auée,nl NED,"DF,FW",Brighton,22,2002,5.3,418,37,178,165,78,8,418,11,7,63.6,4,36.4,196,872,379,7,3,1,7,2,227,8
12,Simi Awujo,ca CAN,MF,Manchester Utd,20,2003,4,188,7,55,94,41,7,188,8,3,37.5,4,50,86,342,123,3,4,1,14,9,106,5
13,Rosella Ayane,ma MAR,"FW,MF",Tottenham,28,1996,0.5,39,0,10,10,19,6,39,5,2,40,3,60,10,78,21,1,1,0,4,1,15,3
14,Sophie Baggaley,eng ENG,GK,Brighton,27,1996,14,571,494,566,5,0,0,571,1,0,0,1,100,344,1584,807,0,1,1,0,0,294,0
15,Jill Baijings,nl NED,MF,Aston Villa,23,2001,8.1,469,18,96,231,148,18,469,12,9,75,3,25,205,893,304,8,3,2,18,13,285,24
16,Sandy Baltimore,fr FRA,"DF,FW",Chelsea,24,2000,12.4,795,20,163,303,338,43,795,40,23,57.5,17,42.5,414,2600,1529,54,30,16,24,25,495,88
17,Julia Bartel,es ESP,MF,Liverpool,20,2004,1.3,86,3,27,40,19,0,86,2,0,0,2,100,30,93,41,0,0,0,0,3,53,3
18,Molly Bartrip,eng ENG,DF,Tottenham,28,1996,22,1509,308,944,551,20,1,1509,4,3,75,1,25,791,3396,1870,4,3,0,4,5,1088,4
19,Agnes Beever-Jones,eng ENG,"FW,MF",Chelsea,21,2003,12.4,557,6,63,208,299,91,557,44,18,40.9,24,54.5,330,1765,788,29,18,16,40,28,392,95
20,Marika Bergman-Lundin,se SWE,"MF,FW",West Ham,25,1999,0.1,7,0,3,4,0,0,7,0,0,,0,,3,2,0,0,0,0,0,0,5,0
21,Guro Bergsvand,no NOR,DF,Brighton,30,1994,21.3,1648,303,1028,605,21,13,1648,1,0,0,1,100,991,5058,2849,3,0,0,13,2,1153,1
22,Alejandra Bernabe,es ESP,DF,Liverpool,22,2001,1.7,91,5,47,34,10,1,91,8,3,37.5,4,50,40,141,68,3,0,2,5,1,38,5
23,Alejandra Bernabe,es ESP,DF,Chelsea,22,2001,0.2,17,0,0,1,16,5,17,0,0,,0,,14,49,23,1,0,0,0,2,15,7
24,Emma Bissell,eng ENG,"FW,MF",Everton,22,2001,2.5,109,1,13,43,53,8,109,5,3,60,2,40,60,427,171,10,6,2,15,6,67,20
25,Nathalie Björn,se SWE,DF,Chelsea,27,1997,10.9,854,86,425,398,37,11,854,3,1,33.3,2,66.7,512,2326,1352,6,4,1,6,3,603,2
26,Stina Blackstenius,se SWE,"FW,MF",Arsenal,28,1996,8.2,264,1,2,78,186,79,264,20,11,55,9,45,175,918,459,23,5,18,19,16,200,71
27,Annabel Blanchard,eng ENG,"MF,FW",Crystal Palace,23,2001,12.5,413,14,72,210,143,32,411,32,12,37.5,20,62.5,261,1471,519,13,11,5,26,21,267,41
28,Laura Blindkilde,eng ENG,"MF,FW",Manchester City,20,2003,4.1,238,0,17,98,123,14,238,12,6,50,6,50,155,801,336,12,8,4,13,9,194,24
29,Missy Bo Kearns,eng ENG,MF,Aston Villa,23,2001,10.7,551,17,141,270,149,16,551,15,8,53.3,6,40,268,1137,522,8,6,1,25,11,337,21
30,Gemma Bonner,eng ENG,DF,Liverpool,33,1991,17,1043,146,521,469,64,28,1043,7,6,85.7,0,0,453,2377,1358,12,8,0,9,3,609,2
31,CJ Bott,nz NZL,DF,Leicester City,29,1995,13.4,863,59,397,322,152,8,863,21,15,71.4,6,28.6,328,2033,1102,25,17,2,22,17,388,16
32,Pauline Bremer,de GER,"FW,MF",Brighton,28,1996,6.4,300,7,42,88,174,43,300,11,5,45.5,6,54.5,167,876,405,19,4,8,21,16,196,75
33,Millie Bright,eng ENG,DF,Chelsea,30,1993,20.2,1750,215,908,764,86,31,1750,13,8,61.5,5,38.5,1079,5082,2393,5,10,1,8,9,1241,5
34,Lucy Bronze,eng ENG,DF,Chelsea,32,1991,16.6,1443,68,456,653,344,39,1443,30,10,33.3,19,63.3,639,3379,1702,27,26,2,30,10,806,49
35,Courtney Brosnan,ie IRL,GK,Everton,28,1995,21,886,729,881,5,0,0,886,0,0,,0,,526,2751,1662,0,0,0,1,0,448,0
36,Lola Brown,eng ENG,FW,Chelsea,16,2007,0.1,12,2,6,3,3,1,12,0,0,,0,,2,15,5,0,0,0,0,0,4,2
37,Dagný Brynjarsdóttir,is ISL,MF,West Ham,32,1991,5.7,223,15,69,112,47,14,223,2,1,50,1,50,66,282,73,2,1,0,13,4,89,5
38,Kadeisha Buchanan,ca CAN,DF,Chelsea,28,1995,4.9,375,52,219,144,13,5,375,3,0,0,3,100,251,968,440,0,1,0,4,2,277,0
39,Luana Bühler,ch SUI,DF,Tottenham,28,1996,5.1,263,55,176,80,7,2,263,1,1,100,0,0,102,456,187,0,1,0,2,2,144,0
40,Hannah Cain,wls WAL,FW,Leicester City,25,1999,10.8,379,17,80,141,169,39,379,20,7,35,13,65,182,1390,726,33,15,16,25,19,226,58
41,Mariona Caldentey,es ESP,"MF,FW",Arsenal,28,1996,19.6,1696,11,200,757,766,88,1691,50,32,64,18,36,949,4862,2296,50,52,17,43,48,1225,120
42,Jelena Čanković,rs SRB,MF,Brighton,28,1995,10,649,29,159,287,209,14,649,13,6,46.2,7,53.8,334,1435,554,6,7,1,16,10,432,27
43,Jorelyn Carabalí,co COL,DF,Brighton,27,1997,10.7,933,142,507,340,93,11,933,11,4,36.4,7,63.6,594,3329,2003,16,22,1,16,3,650,6
44,Kerstin Casparij,nl NED,DF,Manchester City,23,2000,20.4,1500,45,333,759,417,36,1500,16,7,43.8,9,56.3,752,3216,1529,36,28,7,26,13,963,128
45,Steph Catley,au AUS,DF,Arsenal,30,1994,17.5,1389,85,549,690,156,23,1389,3,0,0,3,100,873,4275,2226,21,14,1,10,4,1026,29
46,My Cato,se SWE,MF,Crystal Palace,22,2002,18.5,574,42,181,267,138,26,574,13,6,46.2,7,53.8,264,1576,681,17,13,2,29,18,279,43
47,Janice Cayman,be BEL,"MF,DF",Leicester City,35,1988,18.5,679,58,261,303,121,27,679,10,3,30,7,70,267,1129,497,12,9,3,33,13,331,25
48,Niamh Charles,eng ENG,"DF,FW",Chelsea,25,1999,10,775,22,212,327,244,31,775,21,12,57.1,8,38.1,374,1871,942,29,17,6,14,6,423,53
49,Shana Chossenotte,fr FRA,"FW,MF",Leicester City,19,2005,10.9,387,7,108,139,148,34,387,44,10,22.7,29,65.9,251,1899,765,27,12,13,37,24,247,77
50,Jenna Clark,sct SCO,DF,Liverpool,22,2001,15.2,888,139,432,357,105,15,888,9,5,55.6,4,44.4,405,2278,1325,20,20,3,8,9,497,17
51,Grace Clinton,eng ENG,"MF,FW",Manchester Utd,21,2003,18.6,987,25,165,474,367,66,987,72,29,40.3,43,59.7,479,2482,843,21,26,7,52,42,529,72
52,Laia Codina,es ESP,DF,Arsenal,24,2000,4.6,386,40,166,200,22,1,386,2,1,50,1,50,226,1014,575,5,5,0,3,2,296,0
53,Shannon Cooke,eng ENG,DF,West Ham,24,2000,3.8,218,46,147,63,9,1,218,3,2,66.7,1,33.3,77,375,174,3,1,1,0,1,114,1
54,Laura Coombs,eng ENG,"MF,FW",Manchester City,33,1991,5.8,281,9,37,129,117,9,281,8,5,62.5,3,37.5,123,439,167,3,7,0,12,9,183,29
55,Kyra Cooney-Cross,au AUS,MF,Arsenal,22,2002,10.8,784,19,181,399,220,12,784,29,15,51.7,14,48.3,486,2381,1169,20,31,2,17,10,574,15
56,Rachel Corsie,sct SCO,"DF,MF",Aston Villa,34,1989,0.1,20,7,17,3,0,0,20,0,0,,0,,9,45,17,0,0,0,0,0,9,0
57,Erin Cuthbert,sct SCO,MF,Chelsea,26,1998,12.8,765,21,165,376,232,47,765,28,14,50,13,46.4,396,1893,657,19,9,6,21,20,457,31
58,Sabrina D'Angelo,ca CAN,GK,Aston Villa,31,1993,21.6,986,653,968,15,3,1,986,0,0,,0,,629,3104,2116,1,0,0,1,0,615,1
59,Kenza Dali,fr FRA,"MF,FW",Aston Villa,33,1991,4.4,282,5,26,110,150,13,282,11,3,27.3,8,72.7,166,1142,522,23,9,3,9,7,197,41
60,Rachel Daly,eng ENG,"FW,MF",Aston Villa,32,1991,20.6,791,27,108,394,298,78,790,22,10,45.5,12,54.5,359,1602,542,14,13,4,36,19,508,87
61,Yana Daniels,be BEL,"DF,FW",Liverpool,32,1992,1.4,111,5,17,62,32,2,111,6,1,16.7,5,83.3,48,248,88,1,3,0,3,1,54,15
62,Anouk Denton,eng ENG,"DF,MF",West Ham,21,2003,17.7,999,63,471,372,170,13,999,21,11,52.4,10,47.6,375,2539,1247,29,18,5,29,13,471,31
63,Daphne van Domselaar,nl NED,GK,Arsenal,24,2000,15,538,322,534,4,0,0,538,0,0,,0,,375,1551,1047,0,0,0,0,0,392,0
64,Maddy Duffy,,DF,Liverpool,,,0,0,0,0,0,0,0,0,0,0,,0,,0,0,0,0,0,0,0,0,0,0
65,Hlín Eiríksdóttir,is ISL,FW,Leicester City,24,2000,2.8,97,1,8,49,41,12,97,3,1,33.3,2,66.7,42,162,37,1,1,2,6,11,70,10
66,Mia Enderby,eng ENG,"FW,DF",Liverpool,19,2005,6.3,199,1,17,92,95,19,199,18,8,44.4,10,55.6,122,721,313,12,9,5,17,20,132,42
67,Bethany England,eng ENG,"FW,MF",Tottenham,30,1994,15.3,565,21,96,248,221,63,564,20,8,40,12,60,268,1050,426,13,8,3,32,20,388,67
68,Gemma Evans,wls WAL,"DF,MF",Liverpool,27,1996,9.3,541,60,280,234,29,2,541,2,1,50,1,50,249,1303,631,4,5,0,5,4,312,3
69,Aimee Everett,eng ENG,DF,Crystal Palace,22,2001,10.6,647,88,438,199,15,6,647,6,4,66.7,2,33.3,393,2002,894,5,2,0,3,4,436,1
70,Niamh Fahey,ie IRL,DF,Liverpool,36,1987,0.6,49,12,28,17,4,0,49,0,0,,0,,20,178,135,4,3,0,0,1,28,2
71,Martina Fernández,es ESP,DF,Everton,19,2004,12,830,212,573,246,13,8,830,2,1,50,1,50,376,1642,968,0,0,0,7,1,575,0
72,Megan Finnigan,eng ENG,DF,Everton,26,1998,12,792,176,483,290,21,8,792,2,2,100,0,0,459,2272,1269,2,3,0,1,4,542,2
73,Mia Fishel,us USA,"FW,MF",Chelsea,23,2001,1.4,64,3,10,16,40,13,64,8,3,37.5,5,62.5,36,148,69,3,2,1,5,3,42,6
74,Grace Fisk,eng ENG,DF,Liverpool,26,1998,15.5,1041,72,423,432,189,19,1041,2,1,50,1,50,420,2028,1118,11,14,0,12,2,576,29
75,Caitlin Foord,au AUS,"FW,MF",Arsenal,29,1994,13.8,670,5,56,208,416,102,670,46,18,39.1,26,56.5,440,2854,1572,62,24,36,38,26,498,190
76,Mary Fowler,au AUS,"FW,MF",Manchester City,21,2003,12.5,699,14,74,277,361,53,697,41,23,56.1,16,39,415,2043,926,23,24,8,33,22,495,83
77,Emily Fox,us USA,DF,Arsenal,26,1998,19.3,1506,42,341,635,536,24,1506,33,9,27.3,22,66.7,782,4385,2214,51,39,6,30,10,955,104
78,Aoba Fujino,jp JPN,"FW,MF",Manchester City,20,2004,12.3,619,7,55,177,393,80,619,33,19,57.6,14,42.4,422,2972,1433,59,22,32,21,22,466,143
79,Inma Gabarro,es ESP,"MF,FW",Everton,21,2002,0.8,40,0,15,12,14,2,40,2,1,50,1,50,20,116,69,4,0,1,2,2,23,3
80,Gabi Nunes,br BRA,FW,Aston Villa,27,1997,8.1,225,3,16,119,91,32,225,15,7,46.7,8,53.3,121,601,179,7,4,2,23,20,172,29
81,Kelly Gago,fr FRA,"FW,MF",Everton,25,1999,8.6,297,11,35,107,160,41,297,25,14,56,11,44,160,945,416,12,8,14,23,20,207,47
82,Aurora Galli,it ITA,MF,Everton,27,1996,1,44,2,9,21,16,3,44,4,2,50,2,50,27,238,167,5,3,2,1,2,37,0
83,Leah Galton,eng ENG,"FW,DF",Manchester Utd,30,1994,16,670,14,125,247,304,55,670,23,10,43.5,12,52.2,336,1679,744,28,8,15,29,15,438,119
84,Mille Gejl,dk DEN,"MF,FW",Crystal Palace,24,1999,14.9,642,21,123,305,225,35,642,26,7,26.9,19,73.1,288,1439,495,13,9,5,30,11,345,78
85,Gabrielle George,eng ENG,DF,Manchester Utd,27,1997,14.6,939,47,269,386,290,12,939,16,8,50,8,50,333,1487,662,16,16,2,17,10,402,43
86,Geyse,br BRA,"FW,MF",Manchester Utd,26,1998,5.2,249,2,21,102,130,29,249,44,21,47.7,23,52.3,149,1093,416,18,14,4,30,30,142,45
87,Felicity Gibbons,eng ENG,DF,Crystal Palace,30,1994,4.4,205,21,103,79,25,1,205,2,1,50,1,50,108,408,176,1,1,0,5,4,117,3
88,Naomi Girma,us USA,DF,Chelsea,24,2000,3.5,251,28,150,90,11,1,251,0,0,,0,,157,825,536,6,3,0,1,1,163,0
89,Missy Goodwin,eng ENG,FW,Leicester City,21,2003,12.7,496,22,110,210,190,43,496,65,34,52.3,31,47.7,247,1908,881,33,14,14,51,26,271,68
90,Katrina Gorry,au AUS,MF,West Ham,31,1992,19.6,1086,72,419,503,190,25,1086,56,27,48.2,27,48.2,481,2546,967,18,16,6,57,28,583,33
91,Lucy Graham,sct SCO,"DF,MF",Everton,27,1996,10.9,652,59,262,249,146,15,652,7,3,42.9,4,57.1,306,1544,827,12,12,2,14,14,391,31
92,Charlotte Grant,au AUS,"FW,DF",Tottenham,22,2001,4.4,181,5,46,60,78,11,181,9,2,22.2,7,77.8,82,335,82,2,2,2,14,8,109,29
93,Chasity Grant,nl NED,"FW,DF",Aston Villa,23,2001,16.3,804,19,116,319,379,73,804,48,17,35.4,30,62.5,429,2626,1314,49,24,25,55,52,546,156
94,Josephine Green,wls WAL,DF,Crystal Palace,31,1993,14.4,722,59,328,287,113,15,722,11,2,18.2,9,81.8,334,1855,829,15,7,3,14,7,348,28
95,Alex Greenwood,eng ENG,DF,Manchester City,30,1993,11,1266,75,445,726,100,5,1266,12,9,75,3,25,838,4613,2991,11,15,0,9,10,948,4
96,Lenna Gunning-Williams,eng ENG,"MF,FW",Tottenham,19,2005,1.5,58,1,13,22,24,6,58,2,2,100,0,0,25,77,12,0,0,0,10,6,35,10
97,Madison Haley,us USA,"MF,FW",Brighton,25,1998,10.1,414,14,51,184,184,43,414,20,9,45,9,45,242,1180,340,9,6,3,44,24,288,55
98,Maika Hamano,jp JPN,"MF,FW",Chelsea,20,2004,10,575,7,68,235,277,45,575,24,16,66.7,8,33.3,303,1256,461,11,11,8,24,18,358,62
99,Hannah Hampton,eng ENG,GK,Chelsea,23,2000,22,1003,618,988,15,0,0,1003,0,0,,0,,700,2895,1533,0,0,0,0,0,731,0
100,Kirsty Hanson,sct SCO,"FW,MF",Aston Villa,26,1998,12.7,584,9,74,229,294,66,584,56,30,53.6,25,44.6,311,2764,1449,63,27,25,47,23,352,87
101,Emma Harries,eng ENG,"FW,MF",West Ham,22,2002,3.8,110,3,22,54,37,8,110,3,2,66.7,1,33.3,54,259,135,5,2,2,4,6,70,17
102,Yui Hasegawa,jp JPN,MF,Manchester City,27,1997,21.5,1573,38,300,900,391,21,1573,51,36,70.6,15,29.4,896,3929,1838,19,34,7,27,29,1098,28
103,Honoka Hayashi,jp JPN,MF,Everton,26,1998,19,819,70,282,392,154,15,819,13,7,53.8,5,38.5,370,1717,669,15,10,3,18,20,473,25
104,Caitlin Hayes,ie IRL,DF,Brighton,28,1995,4.4,302,65,169,124,9,2,302,1,0,0,1,100,119,644,378,1,0,0,3,1,160,1
105,Eleanor Heeps,eng ENG,GK,Tottenham,20,2003,2,71,60,71,0,0,0,71,1,1,100,0,0,39,171,115,0,0,0,0,0,40,0
106,Lauren Hemp,eng ENG,"FW,MF",Manchester City,23,2000,8.1,488,5,24,145,330,57,488,38,21,55.3,16,42.1,321,2358,1219,54,17,22,15,19,379,121
107,Taylor Hinds,eng ENG,DF,Liverpool,24,1999,21.2,1285,70,397,548,353,33,1285,55,19,34.5,33,60,472,2532,1190,37,27,5,24,15,602,81
108,Marie Höbinger,at AUT,MF,Liverpool,23,2001,17.1,1062,29,166,485,419,22,1060,40,17,42.5,23,57.5,438,1857,756,9,17,1,31,15,602,70
109,Isabella Hobson,eng ENG,"DF,MF",Everton,16,2007,1.6,102,15,51,47,4,0,102,0,0,,0,,32,171,94,1,1,0,4,0,50,1
110,Olivia Holdt,dk DEN,"FW,MF",Tottenham,23,2001,6.4,245,4,48,107,97,13,245,25,11,44,12,48,165,902,323,6,6,1,16,17,177,25
111,Ceri Holland,wls WAL,"MF,FW",Liverpool,26,1997,17.7,810,35,140,367,312,44,810,48,31,64.6,15,31.3,392,2348,953,35,22,16,49,23,519,105
112,Karen Holmgaard,dk DEN,"DF,MF",Everton,25,1999,4.2,198,13,92,87,23,8,198,4,2,50,2,50,85,445,168,4,2,0,4,6,102,12
113,Sara Holmgaard,dk DEN,DF,Everton,25,1999,18.2,1208,91,480,408,335,16,1208,28,13,46.4,15,53.6,496,2930,1418,29,23,2,28,20,633,87
114,Shanade Hopcroft,eng ENG,"FW,MF",Crystal Palace,26,1997,0.9,35,3,10,14,11,1,35,3,3,100,0,0,14,44,27,1,1,0,2,1,11,2
115,Sophie Howard,sct SCO,DF,Leicester City,30,1993,21,1111,343,796,285,37,11,1111,6,5,83.3,1,16.7,459,2308,1259,1,6,0,5,1,604,2
116,Elise Hughes,wls WAL,"FW,MF",Crystal Palace,23,2001,0.8,36,1,6,19,11,0,36,1,1,100,0,0,23,124,10,0,1,0,3,4,31,1
117,Clare Hunt,au AUS,DF,Tottenham,25,1999,15.3,1056,267,699,313,45,17,1056,8,4,50,4,50,566,2360,1179,1,0,0,12,4,720,8
118,Lina Hurtig,se SWE,"FW,DF",Arsenal,28,1995,0.7,40,2,10,17,13,6,40,2,0,0,2,100,22,168,90,3,1,2,3,2,26,7
119,Celin Ildhusøy,no NOR,"FW,MF",Manchester Utd,22,2001,16.3,794,19,128,313,369,69,794,68,32,47.1,33,48.5,451,2821,1169,38,17,17,44,32,448,110
120,Amanda Ilestedt,se SWE,DF,Arsenal,31,1993,0.2,19,0,6,9,4,0,19,1,0,0,1,100,11,52,43,1,0,0,0,0,15,1
121,Lauren James,eng ENG,"FW,MF",Chelsea,22,2001,6.3,361,6,49,147,176,26,361,31,18,58.1,12,38.7,210,1461,563,19,13,6,5,10,230,22
122,Dominique Janssen,nl NED,"MF,DF",Manchester Utd,29,1995,18.4,984,56,264,544,188,13,984,11,6,54.5,5,45.5,474,2180,1006,9,18,2,33,20,570,22
123,Oriane Jean-François,fr FRA,MF,Chelsea,22,2001,5.7,394,16,98,209,92,10,394,4,1,25,3,75,188,796,376,5,3,2,10,3,249,15
124,Anna Júlia Csiki,hu HUN,"MF,FW",Tottenham,24,1999,2.9,196,8,62,101,35,5,196,9,5,55.6,4,44.4,108,508,201,2,0,1,9,6,142,9
125,Sammy Kaczmar,,FW,Leicester City,,,0,3,0,0,0,3,1,3,0,0,,0,,3,12,0,0,0,0,2,0,3,2
126,Cornelia Kapocs,se SWE,"FW,MF",Liverpool,24,2000,9.8,327,2,63,144,127,32,327,36,13,36.1,22,61.1,181,1060,513,15,8,6,29,22,207,58
127,Wieke Kaptein,nl NED,MF,Chelsea,18,2005,9.5,531,13,102,250,184,37,531,18,7,38.9,11,61.1,282,1541,555,16,7,4,23,23,362,41
128,Khiara Keating,eng ENG,GK,Manchester City,20,2004,12,706,350,688,17,1,1,706,0,0,,0,,486,1777,1104,0,0,0,1,0,522,0
129,Sari Kees,be BEL,DF,Leicester City,23,2001,6,348,83,277,61,11,2,348,2,1,50,1,50,162,853,558,1,0,0,5,3,207,1
130,Chloe Kelly,eng ENG,FW,Arsenal,26,1998,5.6,385,0,25,118,243,39,385,19,11,57.9,6,31.6,226,1243,532,17,9,13,10,7,275,80
131,Chloe Kelly,eng ENG,"FW,MF",Manchester City,26,1998,1.9,118,0,2,23,94,13,118,6,1,16.7,5,83.3,74,269,99,4,5,2,12,1,92,34
132,Alanna Kennedy,au AUS,DF,Manchester City,29,1995,4.6,588,31,247,328,13,4,588,0,0,,0,,415,1930,1323,2,0,0,2,1,485,3
133,Kerolin,br BRA,"FW,MF",Manchester City,24,1999,7.5,318,8,34,125,168,55,318,44,22,50,21,47.7,180,1476,841,35,21,21,14,18,221,68
134,Samantha Kerr,sct SCO,MF,Liverpool,25,1999,9.7,427,22,116,238,75,8,427,7,2,28.6,5,71.4,150,590,254,3,3,1,12,10,245,3
135,Leanne Kiernan,ie IRL,FW,Liverpool,25,1999,7.4,287,2,27,127,135,27,287,30,8,26.7,22,73.3,171,995,346,17,6,5,27,16,200,53
136,Fran Kirby,eng ENG,"MF,FW",Brighton,31,1993,14.6,720,16,105,297,325,65,717,23,14,60.9,9,39.1,390,1911,971,35,15,11,22,9,492,92
137,Rebecca Knaak,de GER,DF,Manchester City,28,1996,7.2,755,56,281,426,50,13,755,4,3,75,1,25,487,2874,1916,13,10,0,3,3,547,2
138,Lize Kop,nl NED,GK,Leicester City,26,1998,2,62,52,61,1,0,0,62,0,0,,0,,31,157,93,0,0,0,0,0,27,0
139,Lize Kop,nl NED,GK,Tottenham,26,1998,12,552,438,550,3,0,0,552,0,0,,0,,342,1433,833,0,0,0,0,0,326,0
140,Kathrine Kühl,dk DEN,MF,Arsenal,21,2003,0.1,11,1,5,5,1,0,11,0,0,,0,,9,16,5,0,1,0,0,0,10,0
141,Hayley Ladd,wls WAL,MF,Manchester Utd,30,1993,0.1,11,1,3,7,1,1,11,0,0,,0,,3,10,5,0,0,0,1,0,3,1
142,Hayley Ladd,wls WAL,MF,Everton,30,1993,6.3,328,33,118,154,59,2,328,12,9,75,3,25,143,609,259,1,2,1,9,4,182,7
143,Clarissa Larisey,ca CAN,FW,Crystal Palace,25,1999,5.4,110,2,8,48,55,19,110,5,4,80,1,20,58,442,206,10,4,9,24,9,61,9
144,Abbie Larkin,ie IRL,"MF,FW",Crystal Palace,19,2005,7.9,315,8,91,134,100,14,315,26,11,42.3,15,57.7,126,665,289,9,8,2,17,11,143,31
145,Nelly Las,eng ENG,FW,Leicester City,16,2007,3,103,7,29,29,45,15,103,2,1,50,1,50,44,239,141,7,1,4,18,4,43,14
146,Melissa Lawley,eng ENG,"MF,FW",Everton,30,1994,5.6,200,7,53,55,95,7,200,14,4,28.6,10,71.4,105,918,277,13,4,2,23,11,113,23
147,Ashley Lawrence,ca CAN,DF,Chelsea,29,1995,10.8,845,27,214,405,237,12,845,17,6,35.3,11,64.7,418,2192,1069,32,14,1,17,11,503,54
148,Rachael Laws,eng ENG,GK,Liverpool,33,1990,15,677,486,668,9,0,0,677,1,1,100,0,0,339,1481,930,0,0,0,1,1,406,0
149,Naomi Layzell,eng ENG,DF,Manchester City,20,2004,4.5,396,49,194,154,50,4,396,1,1,100,0,0,186,1093,757,10,7,0,5,1,231,7
150,Maya Le Tissier,eng ENG,DF,Manchester Utd,22,2002,22,1661,210,831,760,82,14,1659,2,1,50,1,50,952,5139,3073,13,6,0,9,4,1042,4
151,Janina Leitzig,de GER,GK,Leicester City,25,1999,20,621,571,616,4,1,0,621,2,2,100,0,0,269,1256,788,0,0,0,0,0,199,1
152,Adriana Leon,ca CAN,FW,Aston Villa,31,1992,4.8,205,3,37,70,102,19,205,18,7,38.9,10,55.6,124,985,466,17,7,8,11,10,143,34
153,Kim Little,sct SCO,MF,Arsenal,34,1990,13.4,959,20,182,488,298,28,959,23,16,69.6,7,30.4,546,2390,1024,21,21,6,19,9,704,33
154,Melina Loeck,de GER,GK,Brighton,24,2000,8,311,240,306,5,0,0,311,0,0,,0,,177,761,347,0,0,0,0,0,162,0
155,Vicky Losada,es ESP,MF,Brighton,33,1991,13.5,950,70,318,443,196,14,950,12,11,91.7,1,8.3,456,1789,686,5,5,3,19,19,639,21
156,Sofie Lundgaard,dk DEN,MF,Liverpool,22,2002,0.8,25,0,1,12,12,2,25,0,0,,0,,9,40,13,0,0,0,2,1,14,5
157,Frida Maanum,no NOR,"MF,FW",Arsenal,25,1999,14.5,735,3,41,241,457,98,735,27,10,37,17,63,428,1568,664,18,17,9,34,23,577,146
158,Catarina Macario,us USA,"MF,FW",Chelsea,24,1999,8.8,583,2,62,213,315,56,582,32,10,31.3,21,65.6,277,1430,644,26,16,8,29,26,366,46
159,Ruby Mace,eng ENG,"MF,FW",Leicester City,20,2003,13.4,699,52,257,311,143,6,699,19,12,63.2,7,36.8,211,1089,374,5,11,2,27,12,305,19
160,Rikke Madsen,dk DEN,"FW,MF",Everton,26,1997,1.1,33,2,4,10,19,6,33,1,1,100,0,0,21,65,16,2,0,1,1,2,21,6
161,Milla-Maj Majasaari,fi FIN,GK,Crystal Palace,24,1999,3,112,99,112,0,0,0,112,0,0,,0,,50,351,238,0,0,0,0,0,39,0
162,Melvine Malard,fr FRA,"FW,MF",Manchester Utd,24,2000,7,287,11,40,102,150,55,287,25,13,52,12,48,164,1021,553,21,8,13,18,14,187,56
163,Rachel Maltby,eng ENG,DF,Aston Villa,17,2007,0.5,20,3,13,4,5,0,20,2,2,100,0,0,8,80,51,1,1,0,1,0,7,1
164,Aoife Mannion,ie IRL,DF,Manchester Utd,28,1995,3.1,281,15,63,144,79,1,281,7,3,42.9,4,57.1,118,603,282,8,4,0,6,5,147,21
165,Noelle Maritz,ch SUI,DF,Aston Villa,28,1995,15.8,1111,67,450,476,192,15,1111,11,6,54.5,5,45.5,478,1903,928,17,9,4,21,11,610,43
166,Shekiera Martinez,de GER,"FW,MF",West Ham,23,2001,9.9,407,13,50,177,191,49,407,47,21,44.7,25,53.2,213,1371,531,22,15,13,49,28,242,59
167,Aisha Masaka,tz TAN,FW,Brighton,20,2003,0,3,0,1,0,2,2,3,0,0,,0,,2,38,36,2,0,2,0,0,2,2
168,Jasmine Matthews,eng ENG,DF,Liverpool,31,1993,10.8,646,95,344,265,42,6,646,7,5,71.4,2,28.6,285,1456,741,3,3,1,8,5,380,7
169,Sarah Mayling,eng ENG,DF,Aston Villa,27,1997,7.2,525,24,123,248,159,5,525,9,4,44.4,5,55.6,180,721,393,5,7,0,12,8,270,14
170,Katie McCabe,ie IRL,DF,Arsenal,28,1995,18.5,1541,41,319,622,613,30,1541,30,19,63.3,10,33.3,778,3457,1790,37,26,9,22,16,920,117
171,Rachel McLauchlan,sct SCO,"DF,MF",Brighton,27,1997,12.1,755,49,211,294,259,33,755,35,18,51.4,17,48.6,338,1693,807,16,17,5,15,11,381,59
172,Beth Mead,eng ENG,"FW,MF",Arsenal,29,1995,13.4,848,14,86,308,461,66,847,23,10,43.5,13,56.5,431,1756,681,26,14,8,28,21,569,137
173,Li Mengwen,cn CHN,"DF,MF",West Ham,29,1995,8.5,393,47,241,95,57,9,393,6,2,33.3,3,50,136,639,280,6,3,1,9,4,182,6
174,Kristie Mewis,us USA,MF,West Ham,33,1991,0.5,30,1,12,12,6,0,30,1,0,0,1,100,8,16,5,0,1,0,1,1,18,0
175,Teagan Micah,au AUS,GK,Liverpool,26,1997,7,346,263,344,2,0,0,346,0,0,,0,,210,920,498,0,0,0,0,0,241,0
176,Vivianne Miedema,nl NED,"MF,FW",Manchester City,28,1996,7.8,386,16,44,175,169,58,386,18,10,55.6,8,44.4,213,999,405,10,8,9,20,13,282,43
177,Hinata Miyazawa,jp JPN,MF,Manchester Utd,24,1999,13.3,687,24,143,372,184,25,687,10,7,70,2,20,302,1399,649,11,11,4,21,8,379,30
178,Maren Mjelde,no NOR,DF,Everton,34,1989,5,310,45,211,82,19,2,310,1,1,100,0,0,136,747,475,5,1,0,3,4,199,0
179,Yuka Momiki,jp JPN,MF,Leicester City,28,1996,18.2,813,30,199,375,249,39,812,23,14,60.9,9,39.1,343,1713,890,25,11,10,39,27,483,55
180,Ella Morris,eng ENG,DF,Tottenham,21,2002,10.4,593,52,218,215,167,29,593,28,17,60.7,11,39.3,272,1872,983,30,15,9,23,17,297,43
181,Noémie Mouchon,fr FRA,FW,Leicester City,21,2003,2.6,81,2,4,40,38,6,81,7,4,57.1,3,42.9,40,248,115,5,2,2,9,6,51,11
182,Maelys Mpomé,fr FRA,DF,Chelsea,21,2003,1.9,225,9,95,120,11,5,225,1,1,100,0,0,174,952,533,8,1,0,2,0,185,1
183,Lily Murphy,eng ENG,"FW,MF",Manchester City,18,2006,4.1,166,2,13,37,116,28,166,26,11,42.3,14,53.8,96,694,376,17,5,10,19,10,128,52
184,Lisa Naalsund,no NOR,MF,Manchester Utd,29,1995,4.4,230,8,47,128,57,8,230,4,0,0,4,100,123,480,192,2,8,0,7,4,142,9
185,Fūka Nagano,jp JPN,MF,Liverpool,25,1999,17,795,32,190,467,143,10,795,9,2,22.2,7,77.8,363,1540,686,11,12,2,19,12,482,33
186,Jessica Naz,eng ENG,"FW,MF",Tottenham,23,2000,17.3,631,10,112,259,275,60,631,52,21,40.4,29,55.8,365,2618,1254,44,26,22,47,34,418,109
187,Ashleigh Neville,eng ENG,DF,Tottenham,31,1993,19.1,1363,99,581,518,281,11,1363,45,25,55.6,20,44.4,512,2924,1333,34,22,3,35,15,616,46
188,Courtney Nevin,au AUS,DF,Leicester City,22,2002,8.5,413,28,214,129,71,4,413,7,1,14.3,6,85.7,133,619,271,5,6,1,16,4,195,13
189,Jenna Nighswonger,us USA,DF,Arsenal,23,2000,1.9,145,3,33,56,57,3,145,1,0,0,1,100,80,468,252,7,5,0,2,1,103,24
190,Amanda Nildén,se SWE,DF,Tottenham,25,1998,14.1,1008,73,413,366,238,14,1008,21,8,38.1,12,57.1,432,2213,1295,27,18,2,15,6,560,50
191,Jordan Nobbs,eng ENG,MF,Aston Villa,31,1992,17,1148,35,272,585,301,23,1148,18,10,55.6,8,44.4,539,2190,983,17,19,3,18,5,806,43
192,Hayley Nolan,ie IRL,DF,Crystal Palace,27,1997,9.5,527,71,316,183,29,3,527,4,1,25,3,75,259,1164,516,2,2,0,5,8,285,3
193,Nadine Noordam,nl NED,"MF,DF",Brighton,26,1998,5.5,285,14,66,156,68,13,285,13,7,53.8,6,46.2,138,553,191,3,6,1,8,7,161,16
194,Aniek Nouwen,nl NED,DF,Crystal Palace,25,1999,4,267,73,187,73,8,4,267,1,0,0,1,100,130,656,349,2,1,0,3,1,150,0
195,Sjoeke Nüsken,de GER,MF,Chelsea,23,2001,16.9,1027,40,251,485,300,80,1027,18,4,22.2,14,77.8,504,2086,772,14,15,2,24,24,658,56
196,Eva Nyström,fi FIN,DF,West Ham,24,1999,6,333,45,183,138,15,6,333,1,0,0,1,100,115,650,406,3,1,0,2,4,174,0
197,Karoline Olesen,dk DEN,"MF,FW",Everton,19,2005,9.2,434,8,124,206,114,8,434,16,7,43.8,9,56.3,211,1085,438,9,10,2,16,13,275,18
198,Ria Öling,fi FIN,"MF,DF",Crystal Palace,29,1994,2.4,100,7,39,41,21,3,100,5,2,40,3,60,45,191,75,2,0,2,3,2,52,5
199,Marisa Olislagers,nl NED,"DF,MF",Brighton,23,2000,15.4,865,46,251,365,255,22,865,17,7,41.2,10,58.8,415,1772,701,13,11,7,24,19,540,44
200,Maite Oroz,es ESP,MF,Tottenham,26,1998,11.4,777,36,251,359,183,12,777,32,22,68.8,10,31.3,369,1707,637,5,11,0,20,13,516,22
201,Leila Ouahabi,es ESP,DF,Manchester City,31,1993,16.7,1405,32,265,700,450,30,1405,15,8,53.3,7,46.7,675,2379,1263,22,20,3,36,16,917,113
202,Aemu Ōyama,jp JPN,MF,Manchester City,19,2004,0.2,16,1,5,11,0,0,16,0,0,,0,,14,53,22,0,0,0,0,1,12,0
203,Eve O`Carroll,ie IRL,MF,Manchester City,17,2007,0.2,15,1,4,9,2,0,15,0,0,,0,,12,33,7,0,0,0,0,1,17,0
204,Shannon O’Brien,eng ENG,FW,Leicester City,22,2001,7.1,253,1,28,131,97,27,253,19,7,36.8,12,63.2,113,607,257,9,8,4,29,10,153,28
205,Mayumi Pacheco,eng ENG,DF,Aston Villa,25,1998,5.4,297,9,80,123,96,14,297,14,9,64.3,5,35.7,125,510,189,7,4,6,11,9,170,24
206,Jessica Park,eng ENG,"MF,FW",Manchester City,22,2001,17.3,960,7,84,427,460,54,960,38,17,44.7,20,52.6,575,2921,1349,42,28,15,35,27,725,102
207,Lucy Parker,eng ENG,DF,Aston Villa,25,1998,13.7,953,117,489,412,59,10,953,19,4,21.1,15,78.9,569,3115,1746,14,7,1,15,12,633,4
208,Nikita Parris,eng ENG,FW,Brighton,30,1994,20.6,727,14,82,332,321,93,727,48,23,47.9,24,50,388,2209,915,38,17,11,41,33,489,120
209,Lucy Parry,eng ENG,"DF,MF",Liverpool,20,2004,7.4,398,23,123,159,121,5,398,19,8,42.1,11,57.9,156,862,294,8,11,2,8,10,189,27
210,Anna Patten,ie IRL,DF,Aston Villa,25,1999,20.4,1496,205,819,603,83,23,1496,8,4,50,4,50,836,4576,2847,15,10,0,12,8,1019,8
211,Poppy Pattinson,eng ENG,"DF,MF",Brighton,24,2000,17,1265,69,493,522,261,12,1265,34,12,35.3,21,61.8,642,3346,1880,29,16,3,30,21,769,28
212,Manuela Paví,co COL,"MF,FW",West Ham,23,2000,8.6,305,10,65,115,131,27,305,35,18,51.4,17,48.6,167,1055,498,11,9,3,21,15,173,44
213,Heather Payne,ie IRL,"DF,MF",Everton,24,2000,12.3,680,40,263,251,175,12,680,31,12,38.7,19,61.3,264,1492,599,16,8,5,25,17,337,62
214,Toni Payne,ng NGA,FW,Everton,29,1995,15.2,446,9,54,145,260,62,446,33,15,45.5,18,54.5,259,2396,1087,49,27,30,48,22,287,83
215,Emilia Pelgander,se SWE,MF,Leicester City,20,2004,0.6,28,1,10,14,4,1,28,0,0,,0,,12,68,20,0,0,0,0,1,18,2
216,Victoria Pelova,nl NED,MF,Arsenal,25,1999,1.5,82,0,6,41,37,12,82,3,2,66.7,1,33.3,50,353,183,3,4,1,3,2,63,10
217,Ève Périsset,fr FRA,"DF,MF",Chelsea,29,1994,0.6,45,1,15,17,13,0,45,0,0,,0,,27,62,43,1,1,0,0,0,29,6
218,Seraina Piubel,ch SUI,"MF,FW",West Ham,24,2000,15.5,546,22,144,188,221,51,546,29,9,31,19,65.5,273,1536,542,18,13,10,56,24,312,85
219,Alexia Potter,eng ENG,MF,Crystal Palace,17,2006,17.7,962,47,306,515,149,10,962,15,7,46.7,8,53.3,487,1961,714,4,8,1,29,19,560,29
220,Gracie Prior,eng ENG,DF,Manchester City,19,2004,8.4,615,71,276,306,35,4,615,4,4,100,0,0,362,1854,1170,11,6,0,3,3,423,2
221,Poppy Pritchard,eng ENG,"FW,MF",Crystal Palace,18,2005,0.2,8,0,0,6,2,1,8,0,0,,0,,3,8,0,0,1,0,1,2,3,1
222,Mayra Ramírez,co COL,FW,Chelsea,25,1999,11.5,419,3,14,133,284,117,419,61,21,34.4,37,60.7,273,1785,807,39,16,33,50,43,306,99
223,Emily Ramsey,eng ENG,GK,Everton,23,2000,1,52,44,52,0,0,0,52,0,0,,0,,32,106,51,0,0,0,0,0,39,0
224,Jutta Rantala,fi FIN,FW,Leicester City,24,1999,3,118,1,29,44,49,9,118,4,1,25,3,75,58,343,141,4,4,2,4,9,68,11
225,Hayley Raso,au AUS,"FW,MF",Tottenham,29,1994,9.3,361,9,66,115,191,35,361,25,12,48,13,52,212,1444,777,34,18,16,26,19,259,83
226,Rebecca Rayner,eng ENG,MF,Brighton,24,1999,0.4,39,0,5,19,15,3,39,2,1,50,1,50,20,88,42,2,0,1,6,3,28,1
227,Katie Reid,eng ENG,DF,Arsenal,17,2006,1.5,129,8,40,73,16,0,129,5,3,60,2,40,81,513,312,6,1,0,0,1,88,1
228,Guro Reiten,no NOR,"FW,MF",Chelsea,30,1994,12.1,503,10,58,161,287,66,499,12,3,25,8,66.7,245,934,446,19,8,10,26,15,310,93
229,Louna Ribadeira,fr FRA,"MF,FW",Everton,19,2004,0.4,20,1,3,3,15,3,20,4,2,50,2,50,15,94,25,2,0,1,1,1,16,4
230,Indiah-Paige Riley,nz NZL,"DF,FW",Crystal Palace,22,2001,9.1,339,18,87,132,125,20,339,14,8,57.1,6,42.9,149,856,404,13,6,7,16,6,134,39
231,Jayde Riviere,ca CAN,DF,Manchester Utd,23,2001,15.8,969,34,280,466,237,8,969,27,18,66.7,7,25.9,469,2681,1339,40,20,2,23,9,481,56
232,Katie Robinson,eng ENG,"FW,MF",Aston Villa,21,2002,6,262,8,48,93,124,29,262,13,5,38.5,8,61.5,147,1028,515,25,8,14,21,14,164,45
233,Sophie Román Haug,no NOR,FW,Liverpool,25,1999,11.4,438,17,44,254,143,31,438,7,3,42.9,4,57.1,177,559,194,4,3,2,32,22,304,46
234,Jill Roord,nl NED,MF,Manchester City,27,1997,14.2,860,6,70,419,377,64,860,26,11,42.3,14,53.8,518,2247,912,27,27,7,30,23,658,97
235,Rusul Rosa Kafaji,se SWE,"MF,FW",Arsenal,21,2003,1.5,86,2,12,39,37,14,86,22,10,45.5,12,54.5,53,314,151,8,3,4,3,8,51,11
236,Deanne Rose,ca CAN,"FW,MF",Leicester City,25,1999,4.5,130,3,27,54,54,9,130,24,9,37.5,13,54.2,89,1013,523,23,15,3,18,15,80,25
237,Charlize Rule,au AUS,"DF,MF",Brighton,21,2003,0.1,19,0,2,8,9,1,19,0,0,,0,,5,23,11,0,0,0,1,0,10,0
238,Alessia Russo,eng ENG,FW,Arsenal,25,1999,18.7,759,10,39,277,457,149,758,47,30,63.8,13,27.7,462,2635,1089,50,21,23,60,44,544,137
239,Josefine Rybrink,se SWE,"DF,MF",Tottenham,26,1998,5.2,314,37,147,148,22,6,314,2,2,100,0,0,166,817,528,4,2,0,6,4,213,2
240,Johanna Rytting Kaneryd,se SWE,"FW,MF",Chelsea,27,1997,16.3,863,9,112,266,503,126,863,61,23,37.7,38,62.3,509,3746,2131,99,44,57,48,33,592,192
241,Camila Sáez,cl CHI,DF,West Ham,29,1994,6.1,367,81,259,88,21,3,367,2,2,100,0,0,143,591,321,0,0,0,4,1,219,0
242,Lydia Sallaway,eng ENG,DF,Aston Villa,17,2007,0.2,12,1,4,9,0,0,12,0,0,,0,,8,46,7,0,0,0,0,0,9,0
243,Ebony Salmon,eng ENG,"FW,MF",Aston Villa,23,2001,9.4,379,2,33,127,225,63,379,58,26,44.8,32,55.2,237,1794,877,37,13,29,40,36,297,80
244,Anna Sandberg,se SWE,DF,Manchester Utd,21,2003,4.8,379,12,130,150,103,6,379,7,2,28.6,5,71.4,155,883,442,5,5,0,11,5,188,17
245,Veatriki Sarri,gr GRE,"FW,MF",Everton,26,1998,8.6,424,18,111,147,175,17,424,41,17,41.5,24,58.5,205,1496,528,13,9,4,28,26,244,39
246,Kiko Seike,jp JPN,"FW,MF",Brighton,27,1996,13.5,576,16,77,198,310,86,576,41,22,53.7,18,43.9,312,1899,1020,47,22,29,32,31,374,110
247,Molly Sharpe,eng ENG,"DF,MF",Crystal Palace,26,1998,8.1,408,28,160,142,108,16,408,13,6,46.2,7,53.8,145,589,167,4,4,1,22,10,174,23
248,Khadija Shaw,jm JAM,FW,Manchester City,27,1997,9.9,352,13,28,134,192,83,352,26,10,38.5,15,57.7,207,923,318,10,4,7,29,29,276,68
249,Zara Shaw,eng ENG,MF,Liverpool,17,2007,2,62,3,14,31,17,0,62,1,1,100,0,0,33,129,35,1,0,0,1,5,29,4
250,Simone Sherwood,eng ENG,"FW,MF",Leicester City,17,2007,0.2,12,1,3,6,3,0,12,0,0,,0,,6,41,25,1,0,0,2,1,5,0
251,Hannah Silcock,eng ENG,"DF,MF",Liverpool,19,2004,2.1,113,14,51,58,4,0,113,1,1,100,0,0,49,150,34,0,0,0,5,1,63,0
252,Oona Siren,fi FIN,MF,West Ham,23,2001,17.5,693,48,235,325,147,20,693,15,9,60,6,40,246,1199,504,13,11,5,25,15,340,19
253,Kirsty Smith,sct SCO,DF,West Ham,30,1994,7.2,359,29,153,123,84,6,359,12,5,41.7,7,58.3,117,657,343,8,3,0,13,4,153,22
254,Olivia Smith,ca CAN,FW,Liverpool,19,2004,17.4,602,7,75,226,316,83,601,60,35,58.3,25,41.7,328,2450,1054,43,23,24,56,46,385,112
255,Katja Snoeijs,nl NED,"FW,MF",Everton,27,1996,17.6,506,26,115,213,184,36,505,15,8,53.3,7,46.7,225,1267,462,19,12,4,36,26,306,52
256,Drew Spence,jm JAM,MF,Tottenham,31,1992,17.3,833,31,207,432,204,42,833,16,8,50,8,50,385,1516,595,16,12,7,41,20,533,50
257,Rebecca Spencer,jm JAM,GK,Tottenham,33,1991,8,289,253,285,4,0,0,289,0,0,,0,,178,788,361,0,0,0,0,0,172,0
258,Lucy Staniforth,eng ENG,MF,Aston Villa,31,1992,7.8,551,22,140,310,107,2,551,7,4,57.1,3,42.9,199,865,416,3,6,0,10,8,331,6
259,Dejana Stefanović,rs SRB,MF,Brighton,27,1997,1.4,94,4,22,57,16,0,94,2,1,50,1,50,42,139,53,1,1,0,7,2,48,2
260,Elise Stenevik,no NOR,DF,Everton,24,1999,10.5,702,163,471,199,36,5,702,10,6,60,4,40,382,1688,895,4,3,0,10,5,477,10
261,Katie Stengel,us USA,FW,Crystal Palace,32,1992,18.5,775,30,109,407,269,61,774,40,22,55,18,45,402,2216,971,34,14,8,59,50,498,76
262,Eveliina Summanen,fi FIN,MF,Tottenham,26,1998,15.4,1009,69,330,503,183,7,1008,6,3,50,2,33.3,451,1863,667,6,10,0,14,8,599,16
263,Allyson Swaby,jm JAM,DF,Crystal Palace,27,1996,7.5,390,71,254,125,15,4,390,5,3,60,2,40,197,1185,690,4,2,0,3,4,224,2
264,Chantelle Swaby,jm JAM,DF,Leicester City,25,1998,5.9,270,75,195,72,8,4,270,0,0,,0,,107,559,352,4,1,0,6,0,137,0
265,Maisie Symonds,eng ENG,"MF,DF",Brighton,21,2003,12.5,806,47,254,414,141,7,806,14,8,57.1,6,42.9,426,1593,823,4,9,0,22,18,532,13
266,Kinga Szemik,pl POL,GK,West Ham,27,1997,22,797,699,796,0,1,1,797,1,1,100,0,0,390,1934,1207,0,0,0,3,0,362,0
267,Saori Takarada,jp JPN,"MF,FW",Leicester City,24,1999,9.6,373,24,108,189,80,13,373,10,6,60,4,40,157,772,377,10,7,1,22,12,216,23
268,Katelin Talbert,us USA,GK,Aston Villa,25,1998,0.4,10,9,9,1,0,0,10,0,0,,0,,6,29,24,0,0,0,0,0,3,0
269,Miri Taylor,eng ENG,"MF,DF",Aston Villa,24,2000,7.3,454,31,134,248,75,2,454,8,3,37.5,5,62.5,189,721,304,3,5,0,6,10,271,7
270,Elisabeth Terland,no NOR,FW,Manchester Utd,23,2001,17.4,440,15,35,161,254,104,440,13,6,46.2,7,53.8,214,1035,515,15,12,6,39,19,266,70
271,Julie Thibaud,fr FRA,DF,Leicester City,26,1998,16.6,958,189,565,341,59,18,958,10,4,40,6,60,441,2943,1842,18,4,0,14,8,484,10
272,Codie Thomas,eng ENG,DF,Manchester City,17,2006,0.2,18,0,2,6,10,0,18,1,0,0,1,100,5,9,3,0,0,0,3,0,12,2
273,Lauren Thomas,eng ENG,DF,Everton,,,0,0,0,0,0,0,0,0,0,0,,0,,0,0,0,0,0,0,0,0,0,0
274,Martha Thomas,sct SCO,"FW,MF",Tottenham,28,1996,13.5,525,12,74,234,227,57,525,36,15,41.7,21,58.3,252,1004,381,12,12,4,27,16,352,76
275,Maria Thorisdottir,no NOR,DF,Brighton,31,1993,12.2,819,100,399,357,69,9,819,16,8,50,8,50,411,1549,768,3,5,0,14,2,491,7
276,Samantha Tierney,eng ENG,MF,Leicester City,25,1998,14.8,544,30,164,257,126,23,544,8,2,25,6,75,199,940,533,11,4,1,24,7,292,28
277,Paula Tomás,es ESP,DF,Aston Villa,22,2001,9.9,621,22,153,264,207,24,621,24,14,58.3,10,41.7,261,1289,651,17,17,6,14,4,341,61
278,Ella Toone,eng ENG,"MF,FW",Manchester Utd,24,1999,15.2,913,4,92,424,405,51,913,25,12,48,12,48,498,2293,938,25,23,7,22,16,647,91
279,Karla Torres,co COL,FW,Leicester City,17,2006,0.4,13,3,5,5,4,0,13,3,2,66.7,1,33.3,5,22,9,0,0,0,1,0,4,1
280,Phallon Tullis-Joyce,us USA,GK,Manchester Utd,27,1996,22,583,491,578,6,0,0,583,1,1,100,0,0,325,1797,1022,0,0,0,1,0,262,0
281,Amy Turner,eng ENG,DF,Tottenham,33,1991,0.5,19,6,16,2,1,1,19,0,0,,0,,8,26,10,0,0,0,0,0,7,0
282,Danielle Turner,eng ENG,DF,Aston Villa,32,1991,13.4,894,66,421,417,59,9,894,2,1,50,1,50,397,1840,1099,10,3,1,7,0,596,2
283,Millie Turner,eng ENG,DF,Manchester Utd,28,1996,21,1293,173,660,563,74,17,1293,7,5,71.4,2,28.6,691,3242,1763,14,8,3,10,6,830,5
284,Amber Tysiak,be BEL,DF,West Ham,24,2000,19.2,954,240,668,258,36,13,954,6,6,100,0,0,398,1975,973,5,5,1,13,7,519,4
285,Riko Ueki,jp JPN,"FW,MF",West Ham,25,1999,21,769,51,137,349,287,76,769,35,16,45.7,19,54.3,386,1891,649,25,4,12,48,20,521,85
286,Ashleigh Van Weerden,nl NED,"FW,MF",Crystal Palace,25,1999,14.1,378,5,54,147,187,41,378,39,16,41,23,59,248,1664,665,23,12,9,33,40,256,78
287,Justine Vanhaevermaet,be BEL,"DF,MF",Everton,32,1992,18.3,1020,124,495,434,96,29,1020,15,9,60,6,40,479,2649,1426,13,8,1,22,9,634,10
288,Katrine Veje,dk DEN,DF,Crystal Palace,33,1991,13.4,933,111,517,335,86,6,933,13,9,69.2,4,30.8,563,3177,1682,13,14,1,12,10,618,10
289,Bruna Vilamala,es ESP,"MF,FW",Brighton,22,2002,6.2,292,6,71,115,111,17,292,18,10,55.6,8,44.4,159,834,406,13,6,3,21,7,186,26
290,Matilda Vinberg,se SWE,"FW,MF",Tottenham,21,2003,8.4,401,13,75,150,181,27,401,33,16,48.5,17,51.5,200,1089,433,18,5,6,20,12,224,52
291,Keira Walsh,eng ENG,MF,Chelsea,27,1997,4.1,287,5,84,168,37,1,287,3,3,100,0,0,169,600,266,2,6,0,8,8,224,4
292,Lia Wälti,ch SUI,MF,Arsenal,31,1993,11.1,870,24,142,479,253,12,870,16,8,50,7,43.8,470,1962,696,7,17,2,13,8,622,19
293,Emma Watson,sct SCO,FW,Manchester Utd,18,2006,0.1,3,0,0,1,2,0,3,0,0,,0,,3,17,6,0,0,0,0,0,3,1
294,Emma Watson,sct SCO,"FW,MF",Everton,18,2006,1.5,63,2,6,27,32,5,63,4,2,50,2,50,28,167,59,2,2,1,4,1,36,10
295,Clare Wheeler,au AUS,MF,Everton,26,1998,17.5,1017,46,335,536,163,15,1017,32,11,34.4,21,65.6,454,2390,1106,24,13,6,29,21,592,25
296,Laura Wienroither,at AUT,DF,Arsenal,25,1999,0.2,15,0,9,5,2,0,15,0,0,,0,,9,74,51,1,1,0,0,0,10,0
297,Laura Wienroither,at AUT,DF,Manchester City,25,1999,1.4,186,9,72,58,58,5,186,7,2,28.6,5,71.4,70,432,184,2,5,1,6,1,92,8
298,Rachel Williams,eng ENG,"FW,MF",Manchester Utd,36,1988,2.5,140,5,14,71,60,9,140,6,5,83.3,1,16.7,65,321,124,4,6,1,11,5,87,6
299,Leah Williamson,eng ENG,DF,Arsenal,27,1997,17.6,1665,147,728,814,134,38,1665,5,3,60,2,40,1091,5830,3819,21,15,0,10,0,1246,15
300,Lily Woodham,wls WAL,DF,Crystal Palace,23,2000,18.3,1059,72,400,451,227,12,1059,28,11,39.3,17,60.7,449,2209,945,19,13,0,35,20,479,55
301,Lotte Wubben-Moy,eng ENG,DF,Arsenal,25,1999,5.8,531,50,258,249,28,11,531,2,1,50,1,50,327,1340,797,7,2,0,6,3,392,4
302,Ayaka Yamashita,jp JPN,GK,Manchester City,28,1995,10,621,360,612,9,0,0,621,0,0,,0,,466,1855,1044,0,0,0,0,0,481,0
303,Shae Yanez,us USA,GK,Crystal Palace,27,1997,19,818,734,817,2,0,0,818,4,3,75,1,25,486,2763,1527,0,0,0,0,0,354,0
304,Shelina Zadorsky,ca CAN,DF,West Ham,31,1992,18.4,1034,211,687,293,60,10,1034,3,2,66.7,1,33.3,470,2464,1341,8,3,0,7,1,603,10
305,Manuela Zinsberger,at AUT,GK,Arsenal,28,1995,7,270,165,264,7,0,0,270,0,0,,0,,198,793,377,0,0,0,0,0,199,0
